observation_date,CPALTT01INM659N
1958-01-01,3.712871
1958-02-01,2.722772
1958-03-01,2.722772
1958-04-01,1.699029
1958-05-01,2.891566
1958-06-01,3.546099
1958-07-01,6.146572
1958-08-01,6.088993
1958-09-01,6.27907
1958-10-01,8.665105999999998
1958-11-01,7.209302
1958-12-01,5.152225
1959-01-01,5.48926
1959-02-01,7.46988
1959-03-01,6.506024
1959-04-01,5.48926
1959-05-01,5.152225
1959-06-01,4.3379
1959-07-01,4.231626
1959-08-01,4.194261
1959-09-01,2.407002
1959-10-01,2.586207
1959-11-01,3.253796
1959-12-01,4.231626
1960-01-01,4.298643
1960-02-01,3.363229
1960-03-01,3.393665
1960-04-01,4.298643
1960-05-01,3.340757
1960-06-01,2.407002
1960-07-01,1.709402
1960-08-01,0.8474575999999999
1960-09-01,0.8547008999999999
1960-10-01,-0.8403360999999999
1960-11-01,-1.680672
1960-12-01,0.0
1961-01-01,0.6507591999999999
1961-02-01,0.6507591999999999
1961-03-01,2.407002
1961-04-01,1.518438
1961-05-01,0.862069
1961-06-01,0.8547008999999999
1961-07-01,0.8403360999999999
1961-08-01,1.470588
1961-09-01,2.330508
1961-10-01,2.330508
1961-11-01,3.205128
1961-12-01,3.205128
1962-01-01,3.4482760000000003
1962-02-01,3.4482760000000003
1962-03-01,2.564103
1962-04-01,3.205128
1962-05-01,4.059829
1962-06-01,4.025424
1962-07-01,3.75
1962-08-01,3.933748000000001
1962-09-01,3.933748000000001
1962-10-01,4.7619050000000005
1962-11-01,3.933748000000001
1962-12-01,2.484472
1963-01-01,2.291667
1963-02-01,1.458333
1963-03-01,2.291667
1963-04-01,2.484472
1963-05-01,2.258727
1963-06-01,3.05499
1963-07-01,2.409639
1963-08-01,2.390438
1963-09-01,2.988048
1963-10-01,2.964427
1963-11-01,3.784861
1963-12-01,6.868687
1964-01-01,7.739307000000003
1964-02-01,10.0616
1964-03-01,9.979633
1964-04-01,9.89899
1964-05-01,11.44578
1964-06-01,11.85771
1964-07-01,14.11765
1964-08-01,14.59144
1964-09-01,16.05416
1964-10-01,18.23417
1964-11-01,18.23417
1964-12-01,17.01323
1965-01-01,17.769379999999998
1965-02-01,14.1791
1965-03-01,11.11111
1965-04-01,11.02941
1965-05-01,9.549549
1965-06-01,8.833921999999998
1965-07-01,8.934708
1965-08-01,8.998302
1965-09-01,8.333332999999998
1965-10-01,5.519481
1965-11-01,6.006494
1965-12-01,5.49273
1966-01-01,4.815409
1966-02-01,7.352941
1966-03-01,9.5
1966-04-01,9.437086
1966-05-01,12.33553
1966-06-01,13.47403
1966-07-01,11.98738
1966-08-01,11.68224
1966-09-01,10.92308
1966-10-01,11.53846
1966-11-01,12.25115
1966-12-01,13.93568
1967-01-01,13.93568
1967-02-01,13.85084
1967-03-01,14.91629
1967-04-01,15.43116
1967-05-01,13.90922
1967-06-01,14.020029999999998
1967-07-01,13.23944
1967-08-01,13.24965
1967-09-01,12.06657
1967-10-01,12.96552
1967-11-01,11.32333
1967-12-01,8.602151
1968-01-01,11.69355
1968-02-01,9.491979
1968-03-01,6.490066000000001
1968-04-01,5.897772
1968-05-01,2.956298
1968-06-01,1.380176
1968-07-01,0.0
1968-08-01,1.231527
1968-09-01,2.351485
1968-10-01,1.465201
1968-11-01,-0.3676470999999998
1968-12-01,-2.227723
1969-01-01,-5.5355
1969-02-01,-4.639805
1969-03-01,-2.363184
1969-04-01,-2.227723
1969-05-01,-0.2496878999999999
1969-06-01,1.732673
1969-07-01,2.860697
1969-08-01,0.6082724999999999
1969-09-01,0.0
1969-10-01,-1.083032
1969-11-01,0.6150061
1969-12-01,3.544304
1970-01-01,4.203822
1970-02-01,4.737516
1970-03-01,5.350318
1970-04-01,5.822785
1970-05-01,5.757196
1970-06-01,4.014598
1970-07-01,3.869407
1970-08-01,4.474002
1970-09-01,4.957678
1970-10-01,6.20438
1970-11-01,6.723716
1970-12-01,5.012225
1971-01-01,3.91198
1971-02-01,3.91198
1971-03-01,2.781137
1971-04-01,1.674641
1971-05-01,0.591716
1971-06-01,1.052632
1971-07-01,2.2118740000000003
1971-08-01,3.703704
1971-09-01,4.262673
1971-10-01,3.665521
1971-11-01,4.238258999999999
1971-12-01,4.889406
1972-01-01,5.411765
1972-02-01,4.823529
1972-03-01,5.411765
1972-04-01,6.0
1972-05-01,6.470587999999999
1972-06-01,7.407407000000004
1972-07-01,7.85877
1972-08-01,6.696428999999999
1972-09-01,6.187844999999999
1972-10-01,6.629834
1972-11-01,6.593407000000001
1972-12-01,7.658158
1973-01-01,8.258928
1973-02-01,10.43771
1973-03-01,11.38393
1973-04-01,13.31853
1973-05-01,16.35359
1973-06-01,15.94828
1973-07-01,18.47941
1973-08-01,19.35147
1973-09-01,19.25078
1973-10-01,21.5544
1973-11-01,23.29897
1973-12-01,23.81443
1974-01-01,25.6701
1974-02-01,25.30488
1974-03-01,27.25451
1974-04-01,28.01175
1974-05-01,28.96486
1974-06-01,29.18216
1974-07-01,28.07487
1974-08-01,29.97371
1974-09-01,34.64223
1974-10-01,31.88406
1974-11-01,27.84281
1974-12-01,25.3955
1975-01-01,23.54389
1975-02-01,21.7356
1975-03-01,16.77165
1975-04-01,14.15455
1975-05-01,11.19293
1975-06-01,8.992805
1975-07-01,4.175365
1975-08-01,0.0
1975-09-01,-4.471808
1975-10-01,-5.623787999999999
1975-11-01,-4.839765
1975-12-01,-6.175299
1976-01-01,-8.565737
1976-02-01,-10.72618
1976-03-01,-10.9238
1976-04-01,-10.52279
1976-05-01,-11.25828
1976-06-01,-11.28713
1976-07-01,-8.350033999999999
1976-08-01,-7.147674
1976-09-01,-5.359566
1976-10-01,-3.835616
1976-11-01,-2.886598
1976-12-01,0.0
1977-01-01,2.977487
1977-02-01,6.865672
1977-03-01,9.084027
1977-04-01,8.314607
1977-05-01,9.626865
1977-06-01,9.970238
1977-07-01,9.402332
1977-08-01,9.658678
1977-09-01,9.605735
1977-10-01,8.547009
1977-11-01,7.855625999999998
1977-12-01,7.855625999999998
1978-01-01,5.853314
1978-02-01,3.212291
1978-03-01,2.914643
1978-04-01,2.835408
1978-05-01,1.565691
1978-06-01,2.165088
1978-07-01,1.532312
1978-08-01,1.258278
1978-09-01,1.504251
1978-10-01,3.08399
1978-11-01,3.08399
1978-12-01,1.509186
1979-01-01,2.198534
1979-02-01,2.841678
1979-03-01,3.438975
1979-04-01,4.707465
1979-05-01,4.959785
1979-06-01,5.562914
1979-07-01,7.020998
1979-08-01,8.763897999999998
1979-09-01,8.054124
1979-10-01,7.320178
1979-11-01,8.21133
1979-12-01,11.70006
1980-01-01,11.73403
1980-02-01,12.10526
1980-03-01,12.32073
1980-04-01,11.23956
1980-05-01,12.70753
1980-06-01,11.85696
1980-07-01,11.58798
1980-08-01,10.28262
1980-09-01,10.73345
1980-10-01,11.20996
1980-11-01,11.64706
1980-12-01,9.085649
1981-01-01,10.73512
1981-02-01,13.3216
1981-03-01,12.59431
1981-04-01,13.85681
1981-05-01,13.31445
1981-06-01,13.74089
1981-07-01,13.46154
1981-08-01,14.34024
1981-09-01,13.40872
1981-10-01,13.333329999999998
1981-11-01,12.43414
1981-12-01,12.7321
1982-01-01,11.69652
1982-02-01,9.580528
1982-03-01,8.814432999999998
1982-04-01,7.505071000000004
1982-05-01,6.7
1982-06-01,7.051282
1982-07-01,6.92494
1982-08-01,7.486886
1982-09-01,7.264957000000002
1982-10-01,6.729412
1982-11-01,7.357075999999998
1982-12-01,8.047058999999999
1983-01-01,7.830189
1983-02-01,9.168242
1983-03-01,9.85315
1983-04-01,10.70755
1983-05-01,12.79288
1983-06-01,13.40396
1983-07-01,13.17935
1983-08-01,12.51109
1983-09-01,13.28021
1983-10-01,13.62434
1983-11-01,13.09472
1983-12-01,12.45645
1984-01-01,13.77953
1984-02-01,12.1645
1984-03-01,11.12549
1984-04-01,10.01278
1984-05-01,7.852098
1984-06-01,7.676686
1984-07-01,8.123249000000001
1984-08-01,6.742902000000001
1984-09-01,6.330598
1984-10-01,6.13116
1984-11-01,6.059436
1984-12-01,5.189775
1985-01-01,4.421376
1985-02-01,4.28406
1985-03-01,5.044626
1985-04-01,6.274206
1985-05-01,6.74114
1985-06-01,5.582799
1985-07-01,5.144338
1985-08-01,5.467307
1985-09-01,5.071665
1985-10-01,5.557587
1985-11-01,5.895196
1985-12-01,7.142857000000001
1986-01-01,6.958763
1986-02-01,8.216136
1986-03-01,8.865902999999998
1986-04-01,8.236152
1986-05-01,8.516781
1986-06-01,8.574491
1986-07-01,8.623724000000001
1986-08-01,8.721541
1986-09-01,9.233998
1986-10-01,9.594735
1986-11-01,9.828178
1986-12-01,9.209622
1987-01-01,9.397591
1987-02-01,8.378933
1987-03-01,7.533083999999999
1987-04-01,7.474748
1987-05-01,7.981377
1987-06-01,8.687068
1987-07-01,8.360336999999998
1987-08-01,9.536082
1987-09-01,10.18252
1987-10-01,9.481668
1987-11-01,9.105131
1987-12-01,9.314034
1988-01-01,9.439899
1988-02-01,9.182708
1988-03-01,9.75071
1988-04-01,10.401
1988-05-01,9.670465
1988-06-01,9.355132
1988-07-01,9.808613
1988-08-01,8.676471000000001
1988-09-01,8.195292
1988-10-01,9.757505
1988-11-01,9.686449
1988-12-01,8.786227
1989-01-01,8.006528999999999
1989-02-01,8.568412999999998
1989-03-01,8.661113999999998
1989-04-01,7.888763000000002
1989-05-01,8.046417
1989-06-01,7.151146000000001
1989-07-01,6.640314
1989-08-01,7.208802999999999
1989-09-01,7.6255229999999985
1989-10-01,5.389222
1989-11-01,4.7619050000000005
1989-12-01,5.421687
1990-01-01,5.454545
1990-02-01,6.060606
1990-03-01,6.626506
1990-04-01,7.784430999999999
1990-05-01,7.692306999999999
1990-06-01,8.823529
1990-07-01,9.883721
1990-08-01,9.195402
1990-09-01,8.522726999999998
1990-10-01,10.79545
1990-11-01,12.5
1990-12-01,13.71429
1991-01-01,16.09195
1991-02-01,15.42857
1991-03-01,13.55932
1991-04-01,12.22222
1991-05-01,12.08791
1991-06-01,12.97297
1991-07-01,13.22751
1991-08-01,14.21053
1991-09-01,15.70681
1991-10-01,14.35897
1991-11-01,13.63636
1991-12-01,13.06533
1992-01-01,12.87129
1992-02-01,13.36634
1992-03-01,13.93035
1992-04-01,14.35644
1992-05-01,14.70588
1992-06-01,12.91866
1992-07-01,13.08411
1992-08-01,11.52074
1992-09-01,9.954751000000002
1992-10-01,9.417041
1992-11-01,8.444445
1992-12-01,8.0
1993-01-01,5.701755
1993-02-01,5.240175
1993-03-01,6.113537
1993-04-01,6.060606
1993-05-01,5.128205
1993-06-01,5.932203
1993-07-01,4.545455
1993-08-01,5.785124
1993-09-01,6.584362
1993-10-01,7.377049
1993-11-01,8.606557999999998
1993-12-01,8.641975
1994-01-01,9.128631
1994-02-01,9.958507
1994-03-01,9.876543
1994-04-01,9.795918
1994-05-01,10.56911
1994-06-01,10.8
1994-07-01,11.06719
1994-08-01,10.9375
1994-09-01,11.19691
1994-10-01,10.30534
1994-11-01,9.81132
1994-12-01,9.469697
1995-01-01,9.885932
1995-02-01,9.81132
1995-03-01,9.737827
1995-04-01,9.665427
1995-05-01,10.29412
1995-06-01,10.46931
1995-07-01,11.3879
1995-08-01,10.91549
1995-09-01,10.06944
1995-10-01,10.38062
1995-11-01,10.30928
1995-12-01,9.688581
1996-01-01,8.996539999999998
1996-02-01,8.591064999999999
1996-03-01,8.87372
1996-04-01,9.830508
1996-05-01,9.333333
1996-06-01,8.823529
1996-07-01,8.306708999999998
1996-08-01,8.888889
1996-09-01,8.51735
1996-10-01,8.46395
1996-11-01,8.722741000000001
1996-12-01,10.41009
1997-01-01,11.11111
1997-02-01,10.75949
1997-03-01,10.03135
1997-04-01,9.259259
1997-05-01,7.317072999999999
1997-06-01,6.606606
1997-07-01,5.60472
1997-08-01,4.664723
1997-09-01,4.941861
1997-10-01,5.49133
1997-11-01,4.87106
1997-12-01,6.285714
1998-01-01,9.714286
1998-02-01,9.142858
1998-03-01,8.262107999999998
1998-04-01,8.192089999999999
1998-05-01,10.51136
1998-06-01,12.39437
1998-07-01,14.804470000000002
1998-08-01,15.04178
1998-09-01,16.34349
1998-10-01,18.63014
1998-11-01,19.67213
1998-12-01,15.32258
1999-01-01,9.375
1999-02-01,8.638743
1999-03-01,8.947369
1999-04-01,8.355091
1999-05-01,7.712081999999999
1999-06-01,5.263158
1999-07-01,3.163017
1999-08-01,3.1477
1999-09-01,2.142857
1999-10-01,0.9237875
1999-11-01,0.0
1999-12-01,0.4662005
2000-01-01,2.619048
2000-02-01,3.614458
2000-03-01,4.830918
2000-04-01,5.542169
2000-05-01,5.011933
2000-06-01,5.238095
2000-07-01,4.9528300000000005
2000-08-01,3.99061
2000-09-01,3.496504
2000-10-01,2.745996
2000-11-01,2.739726
2000-12-01,3.480278
2001-01-01,3.24826
2001-02-01,3.023256
2001-03-01,2.534562
2001-04-01,2.283105
2001-05-01,2.5
2001-06-01,3.393665
2001-07-01,4.044944
2001-08-01,5.191874
2001-09-01,4.72973
2001-10-01,4.231626
2001-11-01,4.888889
2001-12-01,5.15695
2002-01-01,4.94382
2002-02-01,5.191874
2002-03-01,5.16854
2002-04-01,4.6875
2002-05-01,4.656319
2002-06-01,4.157549
2002-07-01,3.887689
2002-08-01,3.862661
2002-09-01,4.301075
2002-10-01,4.059829
2002-11-01,3.601695
2002-12-01,3.198294
2003-01-01,3.426124
2003-02-01,3.862661
2003-03-01,4.059829
2003-04-01,5.117271
2003-05-01,4.661017
2003-06-01,4.411765
2003-07-01,4.158004
2003-08-01,3.099174
2003-09-01,2.886598
2003-10-01,3.285421
2003-11-01,3.067485
2003-12-01,3.719008
2004-01-01,4.347826
2004-02-01,4.132231
2004-03-01,3.49076
2004-04-01,2.231237
2004-05-01,2.8340080000000003
2004-06-01,3.018109
2004-07-01,3.193613
2004-08-01,4.609219
2004-09-01,4.8096190000000005
2004-10-01,4.572565
2004-11-01,4.166667
2004-12-01,3.784861
2005-01-01,4.365079
2005-02-01,4.166667
2005-03-01,4.166667
2005-04-01,4.960318
2005-05-01,3.740157
2005-06-01,3.320313
2005-07-01,4.061895
2005-08-01,3.4482760000000003
2005-09-01,3.632887
2005-10-01,4.182509
2005-11-01,5.3333330000000005
2005-12-01,5.566219
2006-01-01,4.372623
2006-02-01,4.571429
2006-03-01,4.571429
2006-04-01,4.652825
2006-05-01,5.925406
2006-06-01,7.269146000000003
2006-07-01,6.332198
2006-08-01,5.938375
2006-09-01,6.398648000000001
2006-10-01,6.917439
2006-11-01,5.950735
2006-12-01,6.528648
2007-01-01,6.722689
2007-02-01,7.563024999999999
2007-03-01,6.722689
2007-04-01,6.666667
2007-05-01,6.61157
2007-06-01,5.691057
2007-07-01,6.451613
2007-08-01,7.258064999999998
2007-09-01,6.4
2007-10-01,5.511811
2007-11-01,5.511811
2007-12-01,5.511811
2008-01-01,5.511811
2008-02-01,5.46875
2008-03-01,7.874016
2008-04-01,7.8125
2008-05-01,7.751938000000002
2008-06-01,7.692306999999999
2008-07-01,8.333332999999998
2008-08-01,9.022556
2008-09-01,9.774436
2008-10-01,10.44776
2008-11-01,10.44776
2008-12-01,9.701492
2009-01-01,10.44776
2009-02-01,9.62963
2009-03-01,8.029197
2009-04-01,8.695652
2009-05-01,8.633094
2009-06-01,9.285714
2009-07-01,11.88811
2009-08-01,11.72414
2009-09-01,11.64384
2009-10-01,11.48649
2009-11-01,13.51351
2009-12-01,14.96599
2010-01-01,16.21622
2010-02-01,14.86487
2010-03-01,14.86487
2010-04-01,13.333329999999998
2010-05-01,13.907279999999998
2010-06-01,13.72549
2010-07-01,11.25
2010-08-01,9.876543
2010-09-01,9.815951
2010-10-01,9.69697
2010-11-01,8.333332999999998
2010-12-01,9.467456
2011-01-01,9.302325
2011-02-01,8.823529
2011-03-01,8.823529
2011-04-01,9.411765
2011-05-01,8.720930000000001
2011-06-01,8.620689
2011-07-01,8.426966999999998
2011-08-01,8.988763999999998
2011-09-01,10.05587
2011-10-01,9.392265
2011-11-01,9.340659
2011-12-01,6.486486
2012-01-01,5.319149
2012-02-01,7.567567
2012-03-01,8.648647999999998
2012-04-01,10.21505
2012-05-01,10.16043
2012-06-01,10.05291
2012-07-01,9.84456
2012-08-01,10.30928
2012-09-01,9.137055
2012-10-01,9.59596
2012-11-01,9.547739000000002
2012-12-01,11.16751
2013-01-01,11.61616
2013-02-01,12.0603
2013-03-01,11.44279
2013-04-01,10.2439
2013-05-01,10.67961
2013-06-01,11.05769
2013-07-01,10.84906
2013-08-01,10.74766
2013-09-01,10.69767
2013-10-01,11.05991
2013-11-01,11.46789
2013-12-01,9.132421
2014-01-01,7.239819000000002
2014-02-01,6.726458
2014-03-01,6.696428999999999
2014-04-01,7.079646
2014-05-01,7.017544
2014-06-01,6.493506
2014-07-01,7.234042999999998
2014-08-01,6.751055
2014-09-01,6.302521
2014-10-01,4.979253
2014-11-01,4.115226
2014-12-01,5.85774
2015-01-01,7.172996
2015-02-01,6.302521
2015-03-01,6.276151
2015-04-01,5.785124
2015-05-01,5.737705
2015-06-01,6.097561
2015-07-01,4.365079
2015-08-01,4.347826
2015-09-01,5.13834
2015-10-01,6.324111
2015-11-01,6.719367999999999
2015-12-01,6.324111
2016-01-01,5.905512
2016-02-01,5.533597
2016-03-01,5.511811
2016-04-01,5.859375
2016-05-01,6.5891470000000005
2016-06-01,6.130268
2016-07-01,6.463878
2016-08-01,5.303030000000001
2016-09-01,4.135338
2016-10-01,3.345725
2016-11-01,2.592592
2016-12-01,2.230483
2017-01-01,1.858736
2017-02-01,2.621723
2017-03-01,2.61194
2017-04-01,2.214022
2017-05-01,1.090909
2017-06-01,1.083032
2017-07-01,1.785714
2017-08-01,2.517986
2017-09-01,2.888087
2017-10-01,3.23741
2017-11-01,3.971119
2017-12-01,4.0
2018-01-01,5.109489
2018-02-01,4.744525
2018-03-01,4.363636
2018-04-01,3.971119
2018-05-01,3.956835
2018-06-01,3.928571
2018-07-01,5.614035
2018-08-01,5.614035
2018-09-01,5.614035
2018-10-01,5.226481
2018-11-01,4.861111
2018-12-01,5.2447550000000005
2019-01-01,6.597222
2019-02-01,6.968641000000001
2019-03-01,7.665504999999999
2019-04-01,8.333332999999998
2019-05-01,8.650519000000001
2019-06-01,8.591064999999999
2019-07-01,5.980066000000001
2019-08-01,6.312293
2019-09-01,6.976744
2019-10-01,7.615894
2019-11-01,8.609271000000001
2019-12-01,9.634551
2020-01-01,7.491857
2020-02-01,6.840391
2020-03-01,5.501618
2020-04-01,5.448718
2020-05-01,5.095541000000001
2020-06-01,5.063291
2020-07-01,5.329154
2020-08-01,5.625
2020-09-01,5.636574
2020-10-01,5.902163
2020-11-01,5.284787000000001
2020-12-01,3.686636
2021-01-01,3.162966
2021-02-01,4.494493
2021-03-01,5.6656580000000005
2021-04-01,5.13986
2021-05-01,5.257646
2021-06-01,5.577841
2021-07-01,5.26388
2021-08-01,4.811442
2021-09-01,4.403048
2021-10-01,4.518828
2021-11-01,4.837365
2021-12-01,5.555555
2022-01-01,5.837564
2022-02-01,5.042017
2022-03-01,5.351171
2022-04-01,6.32806
2022-05-01,6.965174
2022-06-01,6.162694999999999
2022-07-01,5.781759
2022-08-01,5.853659
2022-09-01,6.48824
2022-10-01,6.084868
2022-11-01,5.409706
2022-12-01,5.502392
2023-01-01,6.155076
2023-02-01,6.16
2023-03-01,5.7936510000000006
2023-04-01,5.090055
2023-05-01,4.418605
2023-06-01,5.572755
2023-07-01,7.5442649999999984
2023-08-01,6.912442
2023-09-01,4.722011
2023-10-01,4.4528300000000005
2023-11-01,4.981132
2023-12-01,4.913076
2024-01-01,4.593373000000001
2024-02-01,4.898267
2024-03-01,4.20105
2024-04-01,3.874814
2024-05-01,3.860430000000001
2024-06-01,3.665689
2024-07-01,2.147459
2024-08-01,2.442529
2024-09-01,4.218182
2024-10-01,4.407515
2024-11-01,3.882099
2024-12-01,3.5302589999999996
2025-01-01,3.095752
2025-02-01,2.586207
2025-03-01,2.951764
