X_Category,X_Variable,Y_Variable_Group,Y_Variable,COVID,Derivatives_Expansion,GFC,Post_GFC,Recent
commodity,BTC,Drawdown12m,Drawdown12m_.NIFMDCP100,0.00035963453316134597,0.06038244427877881,,,0.029926065806810342
commodity,BTC,Drawdown12m,Drawdown12m_.NIFSMCP100,1.0949842197849335e-05,0.047800368434332,,,0.04572948282387812
commodity,BTC,Drawdown12m,Drawdown12m_.NSEI,0.00024305305926564102,0.08923107862215862,,,0.16723052556358753
commodity,BTC,Drawdown3m,Drawdown3m_.NIFMDCP100,0.058741114167640385,0.696922650486326,,,0.19427531796331987
commodity,BTC,Drawdown3m,Drawdown3m_.NIFSMCP100,0.09701468941699076,0.7078601071187696,,,0.15226779977374583
commodity,BTC,Drawdown3m,Drawdown3m_.NSEI,0.03853712463123338,0.6414112131852336,,,0.681357688563176
commodity,BTC,Drawdown6m,Drawdown6m_.NIFMDCP100,0.004176547676692177,0.10312639599732876,,,0.0834742810278224
commodity,BTC,Drawdown6m,Drawdown6m_.NIFSMCP100,0.0046776635863192695,0.09942660756830657,,,0.019565339882460453
commodity,BTC,Drawdown6m,Drawdown6m_.NSEI,0.004447350769414715,0.08923107862215862,,,0.5429219843327198
commodity,BTC,LogReturn,LogReturn_.NIFMDCP100,0.6140144105096987,0.5741853635614445,,,0.203722694103877
commodity,BTC,LogReturn,LogReturn_.NIFSMCP100,0.6044581500198247,0.7650069603364889,,,0.11860421234052332
commodity,BTC,LogReturn,LogReturn_.NSEI,0.6226253371357462,0.5454961708770738,,,0.5923674998318007
commodity,BTC,Return12m,Return12m_.NIFMDCP100,1.0165757124980246e-10,0.0007194351867634285,,,0.07005613758760632
commodity,BTC,Return12m,Return12m_.NIFSMCP100,8.930298722731322e-10,0.002716950314456401,,,0.15598523714473322
commodity,BTC,Return12m,Return12m_.NSEI,1.5549472820453047e-10,0.00027631714501863414,,,0.21900484351000493
commodity,BTC,Return3m,Return3m_.NIFMDCP100,0.19525876249963736,0.053430368870501566,,,0.08641389492908069
commodity,BTC,Return3m,Return3m_.NIFSMCP100,0.33171896453164473,0.11547720202488132,,,0.05604339188806606
commodity,BTC,Return3m,Return3m_.NSEI,0.2069457256324143,0.09517982685542714,,,0.384820239834192
commodity,BTC,Return6m,Return6m_.NIFMDCP100,0.004044385526434047,0.026919255779951357,,,0.030673717296938463
commodity,BTC,Return6m,Return6m_.NIFSMCP100,0.009278730436547367,0.04047244430043495,,,0.01884103947844884
commodity,BTC,Return6m,Return6m_.NSEI,0.0033940650123021054,0.2240741495813805,,,0.3012822022035828
commodity,BTC,SemiStd12m,SemiStd12m_.NIFMDCP100,1.2897123450095194e-05,0.0025827974108043605,,,6.38516846265258e-05
commodity,BTC,SemiStd12m,SemiStd12m_.NIFSMCP100,6.095082622392667e-06,0.00202875759506993,,,0.004210445317698985
commodity,BTC,SemiStd12m,SemiStd12m_.NSEI,9.531146779639954e-05,0.002015698728279336,,,0.08391622903626916
commodity,BTC,SemiStd3m,SemiStd3m_.NIFMDCP100,0.015697934804927982,0.3271362648302516,,,0.03604345709911527
commodity,BTC,SemiStd3m,SemiStd3m_.NIFSMCP100,0.02881670843230788,0.2621745760665122,,,0.01850451534863673
commodity,BTC,SemiStd3m,SemiStd3m_.NSEI,0.008369527678003807,0.25715929719436303,,,0.4093684649556484
commodity,BTC,SemiStd6m,SemiStd6m_.NIFMDCP100,0.0001057647263835726,0.03113116584719533,,,0.0001672545612738663
commodity,BTC,SemiStd6m,SemiStd6m_.NIFSMCP100,0.0001807486416129933,0.033810704375669465,,,7.510669551402671e-05
commodity,BTC,SemiStd6m,SemiStd6m_.NSEI,0.00010908002161813535,0.1341862902409252,,,0.09968519926014263
commodity,Crude,Drawdown12m,Drawdown12m_.NIFMDCP100,0.002012560233423999,0.12455163430117722,,,0.06968543347515421
commodity,Crude,Drawdown12m,Drawdown12m_.NIFSMCP100,0.18863968808799947,0.15876667172980619,,,0.03926003370894149
commodity,Crude,Drawdown12m,Drawdown12m_.NSEI,0.001792518462774062,0.8765149696660195,,,0.18601955503267242
commodity,Crude,Drawdown3m,Drawdown3m_.NIFMDCP100,0.12160472464815131,0.01756711567270841,,,0.48988736754075135
commodity,Crude,Drawdown3m,Drawdown3m_.NIFSMCP100,0.3140634195569021,0.009539347324207359,,,0.5155094024445299
commodity,Crude,Drawdown3m,Drawdown3m_.NSEI,0.08832375234726708,0.40293894375092254,,,0.931387952492176
commodity,Crude,Drawdown6m,Drawdown6m_.NIFMDCP100,0.011688394582144435,0.09693352247968434,,,0.2269004790276974
commodity,Crude,Drawdown6m,Drawdown6m_.NIFSMCP100,0.2007850976661818,0.04107213202314952,,,0.03183964933164707
commodity,Crude,Drawdown6m,Drawdown6m_.NSEI,0.012133694260974215,0.8765149696660195,,,0.7762616666668203
commodity,Crude,LogReturn,LogReturn_.NIFMDCP100,0.9379045630938301,0.21052048188244665,,,0.784535000301587
commodity,Crude,LogReturn,LogReturn_.NIFSMCP100,0.8130763799418275,0.0591267388690091,,,0.4910443571672569
commodity,Crude,LogReturn,LogReturn_.NSEI,0.9576031089599077,0.687402480974427,,,0.9169981618085774
commodity,Crude,Return12m,Return12m_.NIFMDCP100,0.13285834222952286,0.5299724552113174,,,0.0017456520549317123
commodity,Crude,Return12m,Return12m_.NIFSMCP100,0.3047931145501406,0.40159037912318096,,,0.001553229674128076
commodity,Crude,Return12m,Return12m_.NSEI,0.09602505199827238,0.9948744503966165,,,0.055567063950844764
commodity,Crude,Return3m,Return3m_.NIFMDCP100,0.836243252816848,0.19592658602487623,,,0.2532380378045813
commodity,Crude,Return3m,Return3m_.NIFSMCP100,0.39887555462306734,0.04519121344232446,,,0.12618664747306885
commodity,Crude,Return3m,Return3m_.NSEI,0.9299710594237884,0.6217637702058383,,,0.9908107493315754
commodity,Crude,Return6m,Return6m_.NIFMDCP100,0.7731338043762483,0.045636211680911476,,,0.0014357218364156044
commodity,Crude,Return6m,Return6m_.NIFSMCP100,0.3866961066167307,0.03812545630112307,,,0.0004786308628028646
commodity,Crude,Return6m,Return6m_.NSEI,0.9940522962796079,0.5122831319373118,,,0.030095940300890467
commodity,Crude,SemiStd12m,SemiStd12m_.NIFMDCP100,2.567487996429918e-06,0.6631467345445778,,,5.854565290341895e-07
commodity,Crude,SemiStd12m,SemiStd12m_.NIFSMCP100,2.9475223084274305e-05,0.7728824795396405,,,4.451275450478853e-05
commodity,Crude,SemiStd12m,SemiStd12m_.NSEI,3.132088093327212e-07,0.7140293057539022,,,0.0017121729704610011
commodity,Crude,SemiStd3m,SemiStd3m_.NIFMDCP100,0.06301344680907595,0.022933668973883936,,,0.05403163818623047
commodity,Crude,SemiStd3m,SemiStd3m_.NIFSMCP100,0.15039215018486507,0.02513989037331643,,,0.09453301305825557
commodity,Crude,SemiStd3m,SemiStd3m_.NSEI,0.02166125432233379,0.9535106982787347,,,0.416310293509643
commodity,Crude,SemiStd6m,SemiStd6m_.NIFMDCP100,0.008518609566773527,0.15290235799576846,,,0.00020407765400531908
commodity,Crude,SemiStd6m,SemiStd6m_.NIFSMCP100,0.032649828374476275,0.2241523904222582,,,0.00010819571546827333
commodity,Crude,SemiStd6m,SemiStd6m_.NSEI,0.0016587260384830493,0.24048253810855913,,,0.019952465602641967
commodity,Gold,Drawdown12m,Drawdown12m_.NIFMDCP100,0.1914268347980983,0.013077269210419962,,,0.08323234615825448
commodity,Gold,Drawdown12m,Drawdown12m_.NIFSMCP100,0.051197724917367404,0.002388932922049669,,,0.038128698531248784
commodity,Gold,Drawdown12m,Drawdown12m_.NSEI,0.14248863595110173,0.38536386951166923,,,0.37354108539950337
commodity,Gold,Drawdown3m,Drawdown3m_.NIFMDCP100,0.018581880135176476,0.34966024302274,,,0.4272121929588173
commodity,Gold,Drawdown3m,Drawdown3m_.NIFSMCP100,0.055272869888901566,0.1624705816621983,,,0.35379509307538926
commodity,Gold,Drawdown3m,Drawdown3m_.NSEI,0.006169816873399903,0.5144953692408172,,,0.9357323040553815
commodity,Gold,Drawdown6m,Drawdown6m_.NIFMDCP100,0.05736613447296812,0.08759835803040361,,,0.21641939258137177
commodity,Gold,Drawdown6m,Drawdown6m_.NIFSMCP100,0.11337209585898256,0.014007090424074553,,,0.020847835724677966
commodity,Gold,Drawdown6m,Drawdown6m_.NSEI,0.013920951870922238,0.38536386951166923,,,0.9700514907664286
commodity,Gold,LogReturn,LogReturn_.NIFMDCP100,0.10933658158582649,0.8099310088808198,,,0.5066320399756403
commodity,Gold,LogReturn,LogReturn_.NIFSMCP100,0.06782381032883089,0.531825202136714,,,0.3537541292433648
commodity,Gold,LogReturn,LogReturn_.NSEI,0.053180892014058845,0.7374082264575073,,,0.8975444501293581
commodity,Gold,Return12m,Return12m_.NIFMDCP100,0.31470693110058146,0.012813670644813868,,,0.004051936941743994
commodity,Gold,Return12m,Return12m_.NIFSMCP100,0.2679920965802043,0.005154822883520094,,,0.01054112931771467
commodity,Gold,Return12m,Return12m_.NSEI,0.3601088158929575,0.09073500202343165,,,0.03868916373870657
commodity,Gold,Return3m,Return3m_.NIFMDCP100,0.04007290240208494,0.1838693895584631,,,0.13386971374509837
commodity,Gold,Return3m,Return3m_.NIFSMCP100,0.021890701137478485,0.05574395492364337,,,0.06880151412157498
commodity,Gold,Return3m,Return3m_.NSEI,0.0058439598015862515,0.6895336641607201,,,0.605014743920997
commodity,Gold,Return6m,Return6m_.NIFMDCP100,0.43227805549568155,0.0031994796645968826,,,0.023459263044330214
commodity,Gold,Return6m,Return6m_.NIFSMCP100,0.211636781568751,0.0021088097971881936,,,0.01163896538813014
commodity,Gold,Return6m,Return6m_.NSEI,0.2369280076449256,0.3336656749511371,,,0.19988035274780547
commodity,Gold,SemiStd12m,SemiStd12m_.NIFMDCP100,0.6901607845133952,0.0016861849116713845,,,1.863167957694145e-07
commodity,Gold,SemiStd12m,SemiStd12m_.NIFSMCP100,0.6537485457286016,0.001973247273834522,,,1.9088186743010382e-05
commodity,Gold,SemiStd12m,SemiStd12m_.NSEI,0.5750964541674102,0.018963698819301156,,,0.012578784430328005
commodity,Gold,SemiStd3m,SemiStd3m_.NIFMDCP100,0.027450934516589198,0.014166350811595896,,,0.07834982679258617
commodity,Gold,SemiStd3m,SemiStd3m_.NIFSMCP100,0.05550439574898469,0.002313421578604258,,,0.03493786047516534
commodity,Gold,SemiStd3m,SemiStd3m_.NSEI,0.008174331454239514,0.5664899664771057,,,0.5656160580119893
commodity,Gold,SemiStd6m,SemiStd6m_.NIFMDCP100,0.8032596421912563,0.0024139030700742747,,,0.0014170096700159007
commodity,Gold,SemiStd6m,SemiStd6m_.NIFSMCP100,0.8281805473331438,0.0015907571210027616,,,0.00010342397673634984
commodity,Gold,SemiStd6m,SemiStd6m_.NSEI,0.7746447858415546,0.10388283153004041,,,0.17577583848882594
commodity,Silver,Drawdown12m,Drawdown12m_.NIFMDCP100,4.697746840842676e-05,0.0002335848115566641,,,0.3358748358284285
commodity,Silver,Drawdown12m,Drawdown12m_.NIFSMCP100,4.59572828681587e-08,5.054467595577705e-06,,,0.16213139261709797
commodity,Silver,Drawdown12m,Drawdown12m_.NSEI,2.7365696809500406e-05,0.021867797877595407,,,0.7761938772755592
commodity,Silver,Drawdown3m,Drawdown3m_.NIFMDCP100,0.00016971345444916075,0.23364693352863175,,,0.6246293301292334
commodity,Silver,Drawdown3m,Drawdown3m_.NIFSMCP100,0.00034943466249615085,0.1260623523846518,,,0.52900598880005
commodity,Silver,Drawdown3m,Drawdown3m_.NSEI,8.77537671151174e-05,0.19422277920530262,,,0.8707673546136026
commodity,Silver,Drawdown6m,Drawdown6m_.NIFMDCP100,8.14272925508952e-06,0.006876041671837196,,,0.4633999192485134
commodity,Silver,Drawdown6m,Drawdown6m_.NIFSMCP100,2.3383181093628025e-06,0.0003745759618227762,,,0.09184434416605014
commodity,Silver,Drawdown6m,Drawdown6m_.NSEI,1.7091329180818349e-06,0.021867797877595407,,,0.8797339159820527
commodity,Silver,LogReturn,LogReturn_.NIFMDCP100,0.05041377263018609,0.7599998395968206,,,0.6195202724734341
commodity,Silver,LogReturn,LogReturn_.NIFSMCP100,0.018538274960210988,0.5421775955947945,,,0.4304782855199869
commodity,Silver,LogReturn,LogReturn_.NSEI,0.07454557096882541,0.5660539797410129,,,0.9605018293972263
commodity,Silver,Return12m,Return12m_.NIFMDCP100,4.326160362033704e-05,0.0003001972796250474,,,0.00864015029473797
commodity,Silver,Return12m,Return12m_.NIFSMCP100,2.936613257387144e-05,3.830363709145246e-05,,,0.018652663946985282
commodity,Silver,Return12m,Return12m_.NSEI,4.9589274008443596e-05,0.008834883068499222,,,0.05103944087603396
commodity,Silver,Return3m,Return3m_.NIFMDCP100,3.620192180142645e-05,0.02331587828537307,,,0.18136028574649465
commodity,Silver,Return3m,Return3m_.NIFSMCP100,7.95355927252217e-06,0.002457647353191872,,,0.09923125285119005
commodity,Silver,Return3m,Return3m_.NSEI,1.4104353403654457e-05,0.08165962151358741,,,0.610931893894429
commodity,Silver,Return6m,Return6m_.NIFMDCP100,3.79553202578542e-05,0.0009105180104134192,,,0.09602932497367078
commodity,Silver,Return6m,Return6m_.NIFSMCP100,1.3832168846539261e-05,7.330395869931117e-05,,,0.05445430813421637
commodity,Silver,Return6m,Return6m_.NSEI,1.2673794712370068e-05,0.03237166928423618,,,0.41482213103192356
commodity,Silver,SemiStd12m,SemiStd12m_.NIFMDCP100,0.2836264844215104,3.0111941116794938e-05,,,1.1252908523440297e-05
commodity,Silver,SemiStd12m,SemiStd12m_.NIFSMCP100,0.2403796425696869,6.399769247078524e-05,,,0.00011978342508256468
commodity,Silver,SemiStd12m,SemiStd12m_.NSEI,0.4554829388982058,0.00022646880270360548,,,0.04159677972089537
commodity,Silver,SemiStd3m,SemiStd3m_.NIFMDCP100,6.776967947930146e-06,0.001080701452132793,,,0.27723226549627755
commodity,Silver,SemiStd3m,SemiStd3m_.NIFSMCP100,1.5985485176672753e-05,6.711373919876529e-05,,,0.13366956234696015
commodity,Silver,SemiStd3m,SemiStd3m_.NSEI,2.4316023232717754e-06,0.035656195287944614,,,0.8696800148162045
commodity,Silver,SemiStd6m,SemiStd6m_.NIFMDCP100,0.0030912581861828325,1.1415034792294776e-05,,,0.05012865779797071
commodity,Silver,SemiStd6m,SemiStd6m_.NIFSMCP100,0.002111173668194466,3.1070134973720798e-06,,,0.00643458190834445
commodity,Silver,SemiStd6m,SemiStd6m_.NSEI,0.006366630052624389,0.0011983592625273154,,,0.5920358609419045
fixed_income,Ind_spread,Drawdown12m,Drawdown12m_.NIFMDCP100,0.8287826765490187,0.4758213068413619,0.00889383596611748,0.0012779942345226836,0.5230118134981718
fixed_income,Ind_spread,Drawdown12m,Drawdown12m_.NIFSMCP100,0.06792053034240375,0.7184687122890492,0.05896363856496323,5.467834859929077e-05,0.11332580361727906
fixed_income,Ind_spread,Drawdown12m,Drawdown12m_.NSEI,0.9960885657172038,0.7341852229668668,0.015637167499230387,0.15021437958122696,0.735920913080299
fixed_income,Ind_spread,Drawdown3m,Drawdown3m_.NIFMDCP100,0.46904902379386093,0.6683611363440085,0.0027100950098135623,0.07850918910931282,0.8106464700181417
fixed_income,Ind_spread,Drawdown3m,Drawdown3m_.NIFSMCP100,0.5880195012496212,0.9647914524640595,0.004647980921937744,0.02910705038970196,0.583776169148132
fixed_income,Ind_spread,Drawdown3m,Drawdown3m_.NSEI,0.24904630775937964,0.5652126572470944,0.004657290937072789,0.6058561636201931,0.9909127349212412
fixed_income,Ind_spread,Drawdown6m,Drawdown6m_.NIFMDCP100,0.9323260397590645,0.43860062660571963,0.0003148203403542382,0.011868444396126332,0.742923236201956
fixed_income,Ind_spread,Drawdown6m,Drawdown6m_.NIFSMCP100,0.7481487914456233,0.7115999300947511,0.003338193250769894,0.0010726365640876256,0.12990227351345696
fixed_income,Ind_spread,Drawdown6m,Drawdown6m_.NSEI,0.8019784024343912,0.5483358989755818,0.0009117729478558267,0.22502767083208353,0.8640095401271508
fixed_income,Ind_spread,LogReturn,LogReturn_.NIFMDCP100,0.16478658628932275,0.9711933266213428,0.01451763318624133,0.44199866211716277,0.7095820893332063
fixed_income,Ind_spread,LogReturn,LogReturn_.NIFSMCP100,0.1528559081434797,0.9396794296318494,0.013654620850820587,0.3903333599959644,0.6140825458604238
fixed_income,Ind_spread,LogReturn,LogReturn_.NSEI,0.12064894283881489,0.9189570307715924,0.015834618542797108,0.8796481709598558,0.8381027337492202
fixed_income,Ind_spread,Return12m,Return12m_.NIFMDCP100,0.04597464812781782,0.06308651931983045,0.26982923611050835,4.236022199677336e-09,1.4488506529408696e-05
fixed_income,Ind_spread,Return12m,Return12m_.NIFSMCP100,0.014645135238745555,0.6350514671318206,0.47196339155737554,1.580040245308112e-07,4.307632251343563e-05
fixed_income,Ind_spread,Return12m,Return12m_.NSEI,0.0730135294513441,0.5179008082924126,0.26947042905226826,7.216780775864962e-06,0.00026380527529790143
fixed_income,Ind_spread,Return3m,Return3m_.NIFMDCP100,0.26367757486840504,0.6003253498459293,0.0001608695218038303,0.024546654535784418,0.4663613485672302
fixed_income,Ind_spread,Return3m,Return3m_.NIFSMCP100,0.17751991636235354,0.42207044348212364,0.0005681011918521328,0.02097389957970841,0.351601738892501
fixed_income,Ind_spread,Return3m,Return3m_.NSEI,0.20635094403132004,0.2351165905350694,0.00017288068216170238,0.12966384473818127,0.8444510997811474
fixed_income,Ind_spread,Return6m,Return6m_.NIFMDCP100,0.13480696517916435,0.6969812497351333,0.002100364779617392,0.008743181305378878,0.0591696155257353
fixed_income,Ind_spread,Return6m,Return6m_.NIFSMCP100,0.023513971182922866,0.695189628740088,0.005178225092733912,0.017432514344082106,0.038127676083812734
fixed_income,Ind_spread,Return6m,Return6m_.NSEI,0.15768165424267866,0.6515901868666689,0.002307133902265557,0.32653731590258195,0.2870371416973594
fixed_income,Ind_spread,SemiStd12m,SemiStd12m_.NIFMDCP100,0.2604736837077375,0.1722428721671463,0.6491462691946266,2.8119480872668134e-06,1.8152268577154018e-09
fixed_income,Ind_spread,SemiStd12m,SemiStd12m_.NIFSMCP100,0.411373339487215,0.7534437369687899,0.5864614868941684,0.00018988298229882794,1.0696052488157193e-08
fixed_income,Ind_spread,SemiStd12m,SemiStd12m_.NSEI,0.13331602088218153,0.7014863061248291,0.9485186299492019,0.29935213704488706,5.184868029495249e-05
fixed_income,Ind_spread,SemiStd3m,SemiStd3m_.NIFMDCP100,0.8168891152054447,0.9319753940858253,1.0433089980832477e-06,0.026899847522317,0.7026080084992179
fixed_income,Ind_spread,SemiStd3m,SemiStd3m_.NIFSMCP100,0.9157456592886575,0.6390004862568224,0.00017865136993444608,0.009550557755003908,0.3994941835491628
fixed_income,Ind_spread,SemiStd3m,SemiStd3m_.NSEI,0.6043889725446094,0.24278213016916683,2.1852164170832467e-05,0.7225022650022779,0.9131543331567844
fixed_income,Ind_spread,SemiStd6m,SemiStd6m_.NIFMDCP100,0.9623166357484711,0.21624729542376553,0.001194117311211329,0.002300798756972089,0.02686407379126443
fixed_income,Ind_spread,SemiStd6m,SemiStd6m_.NIFSMCP100,0.8480186775838605,0.3739540732679534,0.02484061012510086,0.00465405746669556,0.0032588765878733827
fixed_income,Ind_spread,SemiStd6m,SemiStd6m_.NSEI,0.953421213533105,0.8842940116373048,0.004630785647415259,0.3413798007596798,0.2524018986199985
fixed_income,Us_spread,Drawdown12m,Drawdown12m_.NIFMDCP100,0.2576260606594918,8.811895364813083e-05,0.010838299116787242,0.597138694435214,0.018131663930651243
fixed_income,Us_spread,Drawdown12m,Drawdown12m_.NIFSMCP100,0.0009932005764952123,2.9628117290902978e-05,0.05167906601988892,0.6235177901633175,0.02781225756871586
fixed_income,Us_spread,Drawdown12m,Drawdown12m_.NSEI,0.19675782397386432,0.18427800418215878,0.02688865753415981,0.8111519195255887,0.13500033347932439
fixed_income,Us_spread,Drawdown3m,Drawdown3m_.NIFMDCP100,0.3214269655787114,0.11975534603672044,0.07327428764362076,0.5614280868421531,0.10843820454168185
fixed_income,Us_spread,Drawdown3m,Drawdown3m_.NIFSMCP100,0.31051846642210856,0.17128059461313572,0.22536891058534647,0.7351127359003429,0.132457464717475
fixed_income,Us_spread,Drawdown3m,Drawdown3m_.NSEI,0.21246893049681947,0.8933873603828992,0.24884180770224917,0.11946682945587983,0.5511260020309559
fixed_income,Us_spread,Drawdown6m,Drawdown6m_.NIFMDCP100,0.3046473655839457,0.0007850083513993855,0.0048872428237378696,0.6979480470116273,0.06094538064032329
fixed_income,Us_spread,Drawdown6m,Drawdown6m_.NIFSMCP100,0.10770890742912975,0.0007883492798850256,0.023791544564441436,0.7183701144430956,0.013055575393069674
fixed_income,Us_spread,Drawdown6m,Drawdown6m_.NSEI,0.2422554036119613,0.6419883609878503,0.020256190584205136,0.16930514705390665,0.5278092061491693
fixed_income,Us_spread,LogReturn,LogReturn_.NIFMDCP100,0.363144166734638,0.5281271154182985,0.043118851126833,0.5117047104450836,0.20764944571409405
fixed_income,Us_spread,LogReturn,LogReturn_.NIFSMCP100,0.2577727083416852,0.3756465443311976,0.11130058027850787,0.9221652036138746,0.15855902276176903
fixed_income,Us_spread,LogReturn,LogReturn_.NSEI,0.4354558593326585,0.7767838969551857,0.12760449675941832,0.2106482772895799,0.6021093408535787
fixed_income,Us_spread,Return12m,Return12m_.NIFMDCP100,1.5983870804703315e-07,0.0026454895992917837,0.21828327914629608,0.009110410035534366,0.018933585804565167
fixed_income,Us_spread,Return12m,Return12m_.NIFSMCP100,3.419984961894329e-09,0.025750838924524233,0.41588492934582044,0.01824015505183918,0.048953153683131356
fixed_income,Us_spread,Return12m,Return12m_.NSEI,9.774480627111615e-07,0.6880333648225967,0.2430017271587528,0.008159731707235052,0.0881603682093215
fixed_income,Us_spread,Return3m,Return3m_.NIFMDCP100,0.07575460190427319,0.2292651239488348,0.010667407995238687,0.866285088128496,0.0667667387870372
fixed_income,Us_spread,Return3m,Return3m_.NIFSMCP100,0.041526069522740405,0.10758600959433529,0.031780778588948566,0.6079770497319221,0.04839820229017633
fixed_income,Us_spread,Return3m,Return3m_.NSEI,0.18540801672452645,0.4004081194660174,0.026715375705202105,0.24320433128711771,0.4213358858402083
fixed_income,Us_spread,Return6m,Return6m_.NIFMDCP100,0.0021862485324590786,0.11259003109499877,0.0033676388841270555,0.9263777218444771,0.017073411541697725
fixed_income,Us_spread,Return6m,Return6m_.NIFSMCP100,0.0004519712315222968,0.10013611206655182,0.00591619308369018,0.5922856979967901,0.016069135351677533
fixed_income,Us_spread,Return6m,Return6m_.NSEI,0.007460502677854031,0.033585743578378846,0.006852675064336955,0.4810530911704376,0.12334517483810536
fixed_income,Us_spread,SemiStd12m,SemiStd12m_.NIFMDCP100,0.20578571446128469,8.530640791537536e-07,0.7777208091589358,0.00593501164600907,1.7298827512668424e-06
fixed_income,Us_spread,SemiStd12m,SemiStd12m_.NIFSMCP100,0.09533823457433277,0.0062726903408245605,0.5124087859947775,0.025729572125285927,0.000408015972533482
fixed_income,Us_spread,SemiStd12m,SemiStd12m_.NSEI,0.446995429912747,0.828401169223244,0.947054537202294,0.44382444102929774,0.023382488375008226
fixed_income,Us_spread,SemiStd3m,SemiStd3m_.NIFMDCP100,0.15073519672809121,0.008450200932728968,0.006421717645584524,0.9331716575846978,0.014644521088521545
fixed_income,Us_spread,SemiStd3m,SemiStd3m_.NIFSMCP100,0.15762343816111812,0.03539881573482195,0.086479764148778,0.9449072841658501,0.020624688766147647
fixed_income,Us_spread,SemiStd3m,SemiStd3m_.NSEI,0.1277967739960899,0.91544099073226,0.0941088577064233,0.23132362407781804,0.2498629852212162
fixed_income,Us_spread,SemiStd6m,SemiStd6m_.NIFMDCP100,0.07396609505966656,0.00021181150845417385,0.0037581479614712254,0.7197853907836038,2.9976518245211636e-05
fixed_income,Us_spread,SemiStd6m,SemiStd6m_.NIFSMCP100,0.05097592155620223,0.011856340780458163,0.03054953508557512,0.9967267236165855,7.732263395965333e-05
fixed_income,Us_spread,SemiStd6m,SemiStd6m_.NSEI,0.1192894376498781,0.6159068213618188,0.019571179502183567,0.1494434960141633,0.028440468705797306
macro,CPI,Drawdown12m,Drawdown12m_.NIFMDCP100,0.4166541902404328,0.34152585659287804,0.20329126069942904,0.8356853578257666,0.055307190835832465
macro,CPI,Drawdown12m,Drawdown12m_.NIFSMCP100,0.07554488852407992,0.18837244379307982,0.11066660722755062,0.6694573639165662,0.13651924178804808
macro,CPI,Drawdown12m,Drawdown12m_.NSEI,0.41173033338342235,0.003248748578277061,0.13136005535521966,0.6819206765279879,0.46789201432507754
macro,CPI,Drawdown3m,Drawdown3m_.NIFMDCP100,0.2297034349900684,0.8093969127961584,0.9074831951987132,0.32446614715874267,0.2908741474129979
macro,CPI,Drawdown3m,Drawdown3m_.NIFSMCP100,0.2099503374968501,0.5407836297984843,0.8035208696447929,0.617881123850684,0.2476474851721544
macro,CPI,Drawdown3m,Drawdown3m_.NSEI,0.1806890176877758,0.23281041750720588,0.9456968655343729,0.37600995839565043,0.6634688857438187
macro,CPI,Drawdown6m,Drawdown6m_.NIFMDCP100,0.4783763730865678,0.5466014319475634,0.5025856983224339,0.39339812455499956,0.16634957191978939
macro,CPI,Drawdown6m,Drawdown6m_.NIFSMCP100,0.33975094489083,0.20430067016272035,0.2865475200991181,0.9528578121849698,0.08803555588472589
macro,CPI,Drawdown6m,Drawdown6m_.NSEI,0.37275574235873976,0.02645698249948536,0.33655916749330816,0.576565301237896,0.8223228561512457
macro,CPI,LogReturn,LogReturn_.NIFMDCP100,0.2235566110882259,0.4838436862650146,0.8028204544637294,0.14198502172528782,0.4558518655650352
macro,CPI,LogReturn,LogReturn_.NIFSMCP100,0.17805272028809993,0.4311111112718582,0.9744736602747981,0.1970217261920384,0.3954926746173808
macro,CPI,LogReturn,LogReturn_.NSEI,0.16750630641504194,0.20379512096123342,0.9187632138179151,0.31932773015465843,0.7625859294984276
macro,CPI,Return12m,Return12m_.NIFMDCP100,0.03914180816003343,0.2920364841255687,0.303571145897511,0.020622433182880595,0.6649238916872067
macro,CPI,Return12m,Return12m_.NIFSMCP100,0.04229634301748719,0.06705482963357023,0.11684316073945045,0.17809438360014607,0.8527591941178843
macro,CPI,Return12m,Return12m_.NSEI,0.05473645857713261,0.08526472542693186,0.14845167837277895,0.028845692541599632,0.7983295569121647
macro,CPI,Return3m,Return3m_.NIFMDCP100,0.07928327379323852,0.5249441371579149,0.8309452282927487,0.08475507067267474,0.38238667290967077
macro,CPI,Return3m,Return3m_.NIFSMCP100,0.10125533618698568,0.4080527891974184,0.5364707952920869,0.20095331169580222,0.23818821335921014
macro,CPI,Return3m,Return3m_.NSEI,0.029117369180976294,0.1583462815993424,0.588942712565097,0.09637918232381892,0.6153631765068661
macro,CPI,Return6m,Return6m_.NIFMDCP100,0.10175785769636492,0.12838342317418072,0.7298160228144062,0.22766518136871605,0.11269913951857058
macro,CPI,Return6m,Return6m_.NIFSMCP100,0.08561311236252611,0.04991123534480213,0.9557114496909729,0.1349020845704758,0.06108573088769598
macro,CPI,Return6m,Return6m_.NSEI,0.09601027181002864,0.04618964594405117,0.8326440615009583,0.0626476290269864,0.5730410844269747
macro,CPI,SemiStd12m,SemiStd12m_.NIFMDCP100,0.5041695566205808,0.7864966145591008,0.004128916125957005,0.035427273258332725,0.011372072908399922
macro,CPI,SemiStd12m,SemiStd12m_.NIFSMCP100,0.5355500161556366,0.3117171520088504,0.0008003941585010832,0.03202392951658828,0.09422457632651549
macro,CPI,SemiStd12m,SemiStd12m_.NSEI,0.2707964251823656,0.00704369126183968,0.0035299407367128666,0.19375236636078053,0.7191679324647549
macro,CPI,SemiStd3m,SemiStd3m_.NIFMDCP100,0.43545453173193227,0.9738421717741224,0.884566191763964,0.6937215127686374,0.06892062051359171
macro,CPI,SemiStd3m,SemiStd3m_.NIFSMCP100,0.44425820926237103,0.5186843564437629,0.4233049525216721,0.815656216625626,0.03113192940460041
macro,CPI,SemiStd3m,SemiStd3m_.NSEI,0.49814728200423164,0.058132137339138135,0.4617916398433901,0.26834845736931756,0.9719324002079412
macro,CPI,SemiStd6m,SemiStd6m_.NIFMDCP100,0.7249105639968714,0.6081797144337231,0.49000047679464,0.5310186950309421,0.0044063471392972176
macro,CPI,SemiStd6m,SemiStd6m_.NIFSMCP100,0.6791761689451088,0.12825229493855228,0.16753019598776975,0.15382715407918734,0.0004074921029884049
macro,CPI,SemiStd6m,SemiStd6m_.NSEI,0.9320157684711874,0.00017634083188378114,0.15598427479195287,0.1300802680725579,0.527146506305836
macro,FDI,Drawdown12m,Drawdown12m_.NIFMDCP100,0.8270178942870916,0.4944339371521942,0.4801497574379838,0.34918507774724716,0.6929849450619763
macro,FDI,Drawdown12m,Drawdown12m_.NIFSMCP100,0.6015633575030712,0.7919076071786753,0.5720730747130447,0.2551153844525693,0.7190658570164195
macro,FDI,Drawdown12m,Drawdown12m_.NSEI,0.9940940253560078,0.2821527818005163,0.6467601275248842,0.6136976815898469,0.6414787899266627
macro,FDI,Drawdown3m,Drawdown3m_.NIFMDCP100,0.9044933364124059,0.143256320095281,0.3828234828698722,0.9611454270632649,0.8936307479404744
macro,FDI,Drawdown3m,Drawdown3m_.NIFSMCP100,0.9810679828687121,0.2007174343249516,0.4703017198359456,0.7452085958631929,0.48651101380650497
macro,FDI,Drawdown3m,Drawdown3m_.NSEI,0.9001591737533001,0.16943049838729096,0.5190646064564188,0.6090829071207402,0.8815925322759968
macro,FDI,Drawdown6m,Drawdown6m_.NIFMDCP100,0.5982098039207799,0.30707261558435106,0.17817498267700427,0.9856454337224259,0.6671142967758832
macro,FDI,Drawdown6m,Drawdown6m_.NIFSMCP100,0.704903477093195,0.5449966177751233,0.32178476572113035,0.8226911315937457,0.8830083316261534
macro,FDI,Drawdown6m,Drawdown6m_.NSEI,0.7062742688893371,0.12935273487818422,0.3043727974143633,0.40175451701086384,0.6569253753641124
macro,FDI,LogReturn,LogReturn_.NIFMDCP100,0.761853705417409,0.048939336754452833,0.220874507028596,0.6157042420519274,0.9647640213744306
macro,FDI,LogReturn,LogReturn_.NIFSMCP100,0.8512867339631951,0.07384836223869673,0.345149892741623,0.9089007116453869,0.5984906504826797
macro,FDI,LogReturn,LogReturn_.NSEI,0.9044620004326074,0.13442573003532443,0.17972735845870869,0.5063813946942606,0.4207318701308598
macro,FDI,Return12m,Return12m_.NIFMDCP100,0.5311420914007252,0.7012844409644208,0.9123925029418269,0.8773806791502299,0.3901096832232631
macro,FDI,Return12m,Return12m_.NIFSMCP100,0.5786510764599502,0.6851615386998571,0.8421841673775963,0.6266242849894383,0.4077267584183719
macro,FDI,Return12m,Return12m_.NSEI,0.5032253053226583,0.5598456931743678,0.9348278239864114,0.7119091203092682,0.23039739445806395
macro,FDI,Return3m,Return3m_.NIFMDCP100,0.5764949643558617,0.0464968743099865,0.4508373481654493,0.7131704437887865,0.6661488773555391
macro,FDI,Return3m,Return3m_.NIFSMCP100,0.5444242847082781,0.07604162105142165,0.551330345415344,0.6169177009775058,0.6960425855544772
macro,FDI,Return3m,Return3m_.NSEI,0.5930168479926046,0.10134901282487108,0.4703948796386923,0.9833674957790188,0.6638920737239768
macro,FDI,Return6m,Return6m_.NIFMDCP100,0.1787608748516729,0.7432564615617401,0.8735383685277145,0.6611011749756002,0.8342578410670249
macro,FDI,Return6m,Return6m_.NIFSMCP100,0.11458937253312484,0.7360175588648956,0.9380060086249304,0.9100295769325815,0.942659232412917
macro,FDI,Return6m,Return6m_.NSEI,0.2651344856883313,0.7782474305692824,0.7909730559866819,0.42900080574085386,0.8444098524522599
macro,FDI,SemiStd12m,SemiStd12m_.NIFMDCP100,0.22186255650154263,0.995845165681964,0.24438052321936432,0.9826190594590727,0.49198356768568097
macro,FDI,SemiStd12m,SemiStd12m_.NIFSMCP100,0.21484061022901924,0.7380374278971371,0.306591266561409,0.8873778643566932,0.3925483611141649
macro,FDI,SemiStd12m,SemiStd12m_.NSEI,0.25095390993814193,0.573198369589198,0.39745276102886407,0.4722157510909484,0.4307851600907189
macro,FDI,SemiStd3m,SemiStd3m_.NIFMDCP100,0.731956603358475,0.5578051135514057,0.39090396567029684,0.10887869945653339,0.4441105540756234
macro,FDI,SemiStd3m,SemiStd3m_.NIFSMCP100,0.8533407566733673,0.7581994774427869,0.5429161845364594,0.43298156623469763,0.6314434370321695
macro,FDI,SemiStd3m,SemiStd3m_.NSEI,0.5575831320473532,0.4746673075349177,0.5831591061521109,0.43749004883310194,0.30392201411112607
macro,FDI,SemiStd6m,SemiStd6m_.NIFMDCP100,0.3081885725724216,0.32201981295064797,0.35428486728292974,0.9441786276385031,0.9352552516669637
macro,FDI,SemiStd6m,SemiStd6m_.NIFSMCP100,0.33789664937248576,0.35418040643727133,0.524684092900453,0.98657324501,0.9288024782387083
macro,FDI,SemiStd6m,SemiStd6m_.NSEI,0.27322790523169793,0.5833077081365476,0.5382548952446731,0.7486639296186564,0.7829762044932216
macro,REPO,Drawdown12m,Drawdown12m_.NIFMDCP100,0.6403359609439918,0.22647935507459716,0.09423916997289239,0.08965765922754754,0.21121874601135127
macro,REPO,Drawdown12m,Drawdown12m_.NIFSMCP100,0.020461302142112503,0.4195832472603418,0.35198453048086864,0.056786991404830456,0.07478517360568859
macro,REPO,Drawdown12m,Drawdown12m_.NSEI,0.5306613407392016,0.06613674812572667,0.10719307246708798,0.07973894299651896,0.3603659079485382
macro,REPO,Drawdown3m,Drawdown3m_.NIFMDCP100,0.21405596671497173,0.37925086814361997,0.00978540747833101,0.6706441921007391,0.4097409321516088
macro,REPO,Drawdown3m,Drawdown3m_.NIFSMCP100,0.34552736045386956,0.6990108442308398,0.010667726922125587,0.561742170463019,0.2638218413227731
macro,REPO,Drawdown3m,Drawdown3m_.NSEI,0.10589375103148702,0.340075330126524,0.018355924253977918,0.9863343347765618,0.472967063413376
macro,REPO,Drawdown6m,Drawdown6m_.NIFMDCP100,0.5080898697376424,0.18922771095656055,0.007233708469490896,0.4821996796906922,0.3911518984863833
macro,REPO,Drawdown6m,Drawdown6m_.NIFSMCP100,0.5032188629585963,0.43473631195903684,0.022707429887496966,0.4063530763588594,0.1102426302726307
macro,REPO,Drawdown6m,Drawdown6m_.NSEI,0.30211046659076146,0.1262901068370954,0.012487302820967328,0.6311810975957064,0.8400763771630892
macro,REPO,LogReturn,LogReturn_.NIFMDCP100,0.13487030083413942,0.9048571584424658,0.01707241913831825,0.8150485499666622,0.38018922393745
macro,REPO,LogReturn,LogReturn_.NIFSMCP100,0.12650397204269548,0.9548770727050222,0.011306924785933647,0.8390162304379847,0.4211489098603418
macro,REPO,LogReturn,LogReturn_.NSEI,0.1498528754358741,0.4098822348953379,0.02882751743213885,0.7962223423590562,0.42750850953887465
macro,REPO,Return12m,Return12m_.NIFMDCP100,0.006253844276729259,0.01527726683594155,0.45125961895202327,1.0955221130259929e-07,0.00016948338665634388
macro,REPO,Return12m,Return12m_.NIFSMCP100,0.0020826752881466515,0.3875404695875879,0.9295011233822903,3.472491925937682e-05,0.0011411458456063173
macro,REPO,Return12m,Return12m_.NSEI,0.013023330674808875,0.614797512626678,0.5470011963311325,1.1524046326094606e-06,0.00031880862425781586
macro,REPO,Return3m,Return3m_.NIFMDCP100,0.08150123754423477,0.926478588172108,0.00034260047284484507,0.8579447865415823,0.30356838493173033
macro,REPO,Return3m,Return3m_.NIFSMCP100,0.0696111544913478,0.777462654189341,0.0005950614932568321,0.86733290428443,0.35429659400726
macro,REPO,Return3m,Return3m_.NSEI,0.10726906391452862,0.07189446843832181,0.0012029592438373982,0.7527470717570326,0.41425920452814546
macro,REPO,Return6m,Return6m_.NIFMDCP100,0.11069625819720952,0.7468836560312506,0.0004811329991405433,0.4318679696641563,0.20324239606809358
macro,REPO,Return6m,Return6m_.NIFSMCP100,0.029967901808446218,0.6114001413392818,0.0011304330018488962,0.8142063083289981,0.17669211641381866
macro,REPO,Return6m,Return6m_.NSEI,0.13075455303384254,0.08179503084563233,0.0010584542885725412,0.8378262041430466,0.5213825201738183
macro,REPO,SemiStd12m,SemiStd12m_.NIFMDCP100,0.8199675744143329,0.002763641190256738,0.3467144339771284,1.4485299626443293e-09,3.0337061129870335e-07
macro,REPO,SemiStd12m,SemiStd12m_.NIFSMCP100,0.9885698415171995,0.2171008970114645,0.07533985185325864,9.61349816863688e-07,3.884485718419484e-06
macro,REPO,SemiStd12m,SemiStd12m_.NSEI,0.5508583149764912,0.5603005526308018,0.24917082979990401,0.5461320976787265,8.04569997663318e-05
macro,REPO,SemiStd3m,SemiStd3m_.NIFMDCP100,0.2486210712392667,0.2596547834605425,0.0011798004461780476,0.35071716153804733,0.3975725109321906
macro,REPO,SemiStd3m,SemiStd3m_.NIFSMCP100,0.3539363716618693,0.6468297566544705,0.006225065523027817,0.39586388145049023,0.1883832550940121
macro,REPO,SemiStd3m,SemiStd3m_.NSEI,0.14064755462036627,0.04295243404171001,0.006631910889211445,0.8847005228837244,0.5196218102972723
macro,REPO,SemiStd6m,SemiStd6m_.NIFMDCP100,0.55593513177203,0.04798198162416467,0.03656677519347018,0.012443980115781406,0.020505058927587694
macro,REPO,SemiStd6m,SemiStd6m_.NIFSMCP100,0.5459721554729391,0.33330429326620226,0.16903212530671508,0.03138816573664638,0.004423081436974563
macro,REPO,SemiStd6m,SemiStd6m_.NSEI,0.5775825063988291,0.06511725401426727,0.06867176225258498,0.6829413955267678,0.19305284872203
macro,WPI,Drawdown12m,Drawdown12m_.NIFMDCP100,0.007723378031077255,0.116312311532067,0.000963817703009795,0.03802421664284905,0.021584866632178734
macro,WPI,Drawdown12m,Drawdown12m_.NIFSMCP100,0.16110148641897926,0.11334022795046783,0.011846328181438714,0.3589144700664608,0.005719681533701282
macro,WPI,Drawdown12m,Drawdown12m_.NSEI,0.007950807846894392,0.00020140878884400415,0.0012202754586720932,0.0028646603910860158,0.003011265299355026
macro,WPI,Drawdown3m,Drawdown3m_.NIFMDCP100,0.5863556011303417,0.5660648361751843,0.0007359788633189979,0.29270850701742157,0.08301158201834724
macro,WPI,Drawdown3m,Drawdown3m_.NIFSMCP100,0.8564092545682196,0.8102459097711867,0.0008068966948262535,0.380148640555368,0.08749937808674546
macro,WPI,Drawdown3m,Drawdown3m_.NSEI,0.47972352004442076,0.2130854097301016,0.0020115642451197235,0.07322893774286499,0.03155753362505864
macro,WPI,Drawdown6m,Drawdown6m_.NIFMDCP100,0.04423637878509079,0.21491365914269767,2.553622485623741e-05,0.2081683577834812,0.02062082071138205
macro,WPI,Drawdown6m,Drawdown6m_.NIFSMCP100,0.2796098575218444,0.37660576632858733,0.0001653365663851769,0.8601401521778798,0.0206460533004178
macro,WPI,Drawdown6m,Drawdown6m_.NSEI,0.06159744261749678,0.017629083904400877,3.961542420660713e-05,0.011148050186976954,0.00511500497138595
macro,WPI,LogReturn,LogReturn_.NIFMDCP100,0.5499403781192891,0.6276603004927477,0.003510949991553991,0.4742085234603133,0.08976442576972565
macro,WPI,LogReturn,LogReturn_.NIFSMCP100,0.38040832928541857,0.9056381141942029,0.0017423136765422065,0.6945324329323821,0.0514840680168307
macro,WPI,LogReturn,LogReturn_.NSEI,0.6357570073762444,0.24614453000985304,0.006316379560178609,0.616342831141385,0.2888435563290459
macro,WPI,Return12m,Return12m_.NIFMDCP100,0.012999603865521125,0.5948444099223087,0.06417963305720753,0.4963882167103799,0.44501078495961743
macro,WPI,Return12m,Return12m_.NIFSMCP100,0.0331852129308472,0.7600342045899653,0.23256051841796999,0.33682308939226346,0.32038460748357456
macro,WPI,Return12m,Return12m_.NSEI,0.01524388768447893,0.03082709829829655,0.07395504095819505,0.12071303210338136,0.5732645902893343
macro,WPI,Return3m,Return3m_.NIFMDCP100,0.3145917412661212,0.2558464911713687,2.4720051112758767e-06,0.08487672891031472,0.001810048733531744
macro,WPI,Return3m,Return3m_.NIFSMCP100,0.1481843038886903,0.5525141945654686,6.413261496085454e-06,0.3730862646201847,0.0008571460498221217
macro,WPI,Return3m,Return3m_.NSEI,0.33603190018684903,0.008296894646504738,9.683987375108671e-06,0.0274107419142251,0.012855099272460313
macro,WPI,Return6m,Return6m_.NIFMDCP100,0.8666966946283954,0.6400693075583614,3.5888305571774026e-07,0.014305139392698063,0.005802114495383259
macro,WPI,Return6m,Return6m_.NIFSMCP100,0.5598828031051595,0.5998642300506565,1.4978405873389278e-06,0.09096165496895336,0.00866319554410433
macro,WPI,Return6m,Return6m_.NSEI,0.902181855419971,0.0007370135491644447,3.307754783410388e-07,0.00042234575638167016,0.05206923879740932
macro,WPI,SemiStd12m,SemiStd12m_.NIFMDCP100,5.53272982983799e-10,0.00021224358027538415,0.40754802030795156,0.523504890410968,0.1778117579216103
macro,WPI,SemiStd12m,SemiStd12m_.NIFSMCP100,1.0046958154319441e-08,0.06863444110583927,0.8779808334018055,0.1101765582399663,0.09201923387006361
macro,WPI,SemiStd12m,SemiStd12m_.NSEI,1.53991486229188e-10,0.11663222569808118,0.6424936442335591,6.43345199335954e-09,0.4838228719172646
macro,WPI,SemiStd3m,SemiStd3m_.NIFMDCP100,0.2735379234364119,0.30415915806715677,1.431572192056585e-05,0.07482516752022139,0.05028025357442689
macro,WPI,SemiStd3m,SemiStd3m_.NIFSMCP100,0.42344131287189124,0.792713284409583,0.00016494601933669806,0.03938682059318466,0.038136303707429375
macro,WPI,SemiStd3m,SemiStd3m_.NSEI,0.12971254193870996,0.018270041240842083,7.07224082703295e-05,0.0009898403457007099,0.018479129036620412
macro,WPI,SemiStd6m,SemiStd6m_.NIFMDCP100,0.004414422356359582,0.03293646808818673,0.000410313891211489,0.09929291717130395,0.3269680470908227
macro,WPI,SemiStd6m,SemiStd6m_.NIFSMCP100,0.01599461233858923,0.3956381242844671,0.005586974043660264,0.08377914718683699,0.3388777477665794
macro,WPI,SemiStd6m,SemiStd6m_.NSEI,0.0009503353540627479,0.01012221342496189,0.0005177956951851748,8.84942667744859e-06,0.13111176572012506
valuation,Nifty_CAPE,Drawdown12m,Drawdown12m_.NIFMDCP100,0.00011365990940337412,0.012400460832051152,0.006639694124910056,0.12720324844057518,0.4614517908810236
valuation,Nifty_CAPE,Drawdown12m,Drawdown12m_.NIFSMCP100,0.0036010367131840137,0.01562363560251856,0.0004805000671235238,0.057772302888114746,0.9234748707058582
valuation,Nifty_CAPE,Drawdown12m,Drawdown12m_.NSEI,0.00018154044990015272,0.018446368280782943,0.005026432209845888,0.9150352004156872,0.862075294756085
valuation,Nifty_CAPE,Drawdown3m,Drawdown3m_.NIFMDCP100,0.2635963869426343,0.053908866006807665,0.673219194296248,0.9599400395741093,0.22986334182115042
valuation,Nifty_CAPE,Drawdown3m,Drawdown3m_.NIFSMCP100,0.3929673844153865,0.13721099321715235,0.9628791460341277,0.9575990254808848,0.40993330150018714
valuation,Nifty_CAPE,Drawdown3m,Drawdown3m_.NSEI,0.2617701374861523,0.7226110910365566,0.6575577181854473,0.2969895776091023,0.3095611226631807
valuation,Nifty_CAPE,Drawdown6m,Drawdown6m_.NIFMDCP100,0.002568509784580897,0.011567214197825582,0.28974544221621734,0.43236464890931714,0.39599755787535984
valuation,Nifty_CAPE,Drawdown6m,Drawdown6m_.NIFSMCP100,0.011960024314036088,0.049809797467148975,0.11590010948043172,0.418427868547558,0.7940168433258707
valuation,Nifty_CAPE,Drawdown6m,Drawdown6m_.NSEI,0.0061248440346335364,0.6151620035183643,0.2078150416301059,0.5425313365091466,0.7422197010826521
valuation,Nifty_CAPE,LogReturn,LogReturn_.NIFMDCP100,0.37991559506001704,0.13977286640717446,0.2657703028962932,0.2588509528054539,0.044843580532346605
valuation,Nifty_CAPE,LogReturn,LogReturn_.NIFSMCP100,0.3327092563425469,0.10660333509780995,0.40957420351328366,0.24808001656275636,0.05756143985587969
valuation,Nifty_CAPE,LogReturn,LogReturn_.NSEI,0.41992046104788505,0.5854920471470892,0.22899800978172546,0.2244175606852432,0.1633796245917727
valuation,Nifty_CAPE,Return12m,Return12m_.NIFMDCP100,0.00024720235488473463,0.9546364067581079,0.0001745513988438141,2.000920003242257e-06,0.03474810851932131
valuation,Nifty_CAPE,Return12m,Return12m_.NIFSMCP100,0.001320131077982234,0.7275628902240645,1.1788436922399725e-05,2.5955390416498858e-05,0.02061740738105855
valuation,Nifty_CAPE,Return12m,Return12m_.NSEI,0.00022806146508758118,0.0009864985795469128,5.6086892376683295e-05,0.00017605692822231234,0.006242705563216822
valuation,Nifty_CAPE,Return3m,Return3m_.NIFMDCP100,0.9937309338048763,0.2349688798084104,0.9485405393484119,0.9031707010444467,0.4226803752953203
valuation,Nifty_CAPE,Return3m,Return3m_.NIFSMCP100,0.7337820830135198,0.12856318674009448,0.8918058526142212,0.9481276357007551,0.36002877664712707
valuation,Nifty_CAPE,Return3m,Return3m_.NSEI,0.9319235814457363,0.4715674050044827,0.7980506940257004,0.8250488331318349,0.924405596967828
valuation,Nifty_CAPE,Return6m,Return6m_.NIFMDCP100,0.20786622929497445,0.3968730149389752,0.31641637588122706,0.1640084247878031,0.7460297793534973
valuation,Nifty_CAPE,Return6m,Return6m_.NIFSMCP100,0.4316689334296189,0.3710481831182917,0.2509316865357518,0.4014757418057069,0.9663454984093791
valuation,Nifty_CAPE,Return6m,Return6m_.NSEI,0.15868436553117538,0.020947427504076188,0.29603607473995996,0.5708973350209376,0.15047837632276728
valuation,Nifty_CAPE,SemiStd12m,SemiStd12m_.NIFMDCP100,1.1385359321991473e-10,0.25859525517853843,6.979061857315116e-07,1.3501110895930424e-08,0.7812581027019783
valuation,Nifty_CAPE,SemiStd12m,SemiStd12m_.NIFSMCP100,1.1773200192521927e-09,0.23888549531755543,4.157800725934635e-08,0.00010089857828887716,0.3036574483794081
valuation,Nifty_CAPE,SemiStd12m,SemiStd12m_.NSEI,1.8147039426708034e-10,5.028170299370416e-05,2.472494102789824e-07,0.7407079103290952,0.02262994695738829
valuation,Nifty_CAPE,SemiStd3m,SemiStd3m_.NIFMDCP100,0.02435914571252118,0.08463525147189466,0.6809697195123914,0.21553500072382348,0.5224010555957328
valuation,Nifty_CAPE,SemiStd3m,SemiStd3m_.NIFSMCP100,0.044711658634196905,0.3500943783916699,0.3459950902702842,0.6550148680742869,0.5859401202322605
valuation,Nifty_CAPE,SemiStd3m,SemiStd3m_.NSEI,0.012790828330907056,0.4919652824368619,0.6654088144107777,0.7344674207059241,0.9165287327255944
valuation,Nifty_CAPE,SemiStd6m,SemiStd6m_.NIFMDCP100,3.2013508233452725e-05,0.18405908274598448,0.05271582257440377,0.006857373679711953,0.5648583237981977
valuation,Nifty_CAPE,SemiStd6m,SemiStd6m_.NIFSMCP100,0.00014588433089324226,0.8839355226895458,0.00794272547727859,0.19609556997042432,0.5193105204998694
valuation,Nifty_CAPE,SemiStd6m,SemiStd6m_.NSEI,8.59247265005969e-06,0.02129481564639213,0.02919023267817833,0.5170832984286,0.4413475438864354
valuation,Nifty_Div_Yield,Drawdown12m,Drawdown12m_.NIFMDCP100,0.00021971504827722477,0.0266155987581147,0.06629393249776272,0.027247020017918677,0.13697025141504526
valuation,Nifty_Div_Yield,Drawdown12m,Drawdown12m_.NIFSMCP100,1.8744128706282837e-05,0.0492581950531068,0.01190504364940792,0.009902777269428231,0.3476603103666416
valuation,Nifty_Div_Yield,Drawdown12m,Drawdown12m_.NSEI,0.00035285738260060207,0.9773944383807667,0.06805616644748325,0.238734939898539,0.16689299259213786
valuation,Nifty_Div_Yield,Drawdown3m,Drawdown3m_.NIFMDCP100,0.45830964926127304,0.08198011222534185,0.43734063532395506,0.6980350780347553,0.14806871791479614
valuation,Nifty_Div_Yield,Drawdown3m,Drawdown3m_.NIFSMCP100,0.4705862844943349,0.11104414039856669,0.5118875841000126,0.6968887892961113,0.2637492532497345
valuation,Nifty_Div_Yield,Drawdown3m,Drawdown3m_.NSEI,0.6150304282242822,0.1891861998720965,0.3082361991689109,0.6738096588029197,0.0741014353412266
valuation,Nifty_Div_Yield,Drawdown6m,Drawdown6m_.NIFMDCP100,0.0016129317496598183,0.014827109256591475,0.8813237908817713,0.2498588750580888,0.1199756095932174
valuation,Nifty_Div_Yield,Drawdown6m,Drawdown6m_.NIFSMCP100,0.0008293251020734527,0.08655799345747583,0.5540655143877768,0.23109021843537358,0.2830319869246529
valuation,Nifty_Div_Yield,Drawdown6m,Drawdown6m_.NSEI,0.004771312150374518,0.07172941073193129,0.8287654988963242,0.9156300356356359,0.16197978110358413
valuation,Nifty_Div_Yield,LogReturn,LogReturn_.NIFMDCP100,0.2181846281396962,0.054123119035065725,0.16278091966214414,0.650623507054616,0.04521847571822546
valuation,Nifty_Div_Yield,LogReturn,LogReturn_.NIFSMCP100,0.2522704700852554,0.029112467669922593,0.1811231783327012,0.6316097724716161,0.05400168767722646
valuation,Nifty_Div_Yield,LogReturn,LogReturn_.NSEI,0.15151338889389643,0.26524741778987737,0.1355567450231625,0.5598960725215387,0.07407595872972417
valuation,Nifty_Div_Yield,Return12m,Return12m_.NIFMDCP100,1.5864148599220584e-06,0.748542448598811,1.0941766891869875e-05,3.119071445567556e-09,0.43950700741680304
valuation,Nifty_Div_Yield,Return12m,Return12m_.NIFSMCP100,1.3613242606513865e-06,0.6749608450329267,1.0804673473918669e-05,2.9711579174751535e-07,0.3669245436893367
valuation,Nifty_Div_Yield,Return12m,Return12m_.NSEI,7.937199781871129e-07,0.16111612879903126,4.067014916131484e-05,5.266730407349485e-07,0.21340116854936197
valuation,Nifty_Div_Yield,Return3m,Return3m_.NIFMDCP100,0.30490564109784635,0.00444197104890498,0.2639995172907481,0.8182392743801168,0.033004834028426355
valuation,Nifty_Div_Yield,Return3m,Return3m_.NIFSMCP100,0.30300280387536693,0.002262303243123931,0.20793026902208744,0.8874960846338351,0.03000905583245128
valuation,Nifty_Div_Yield,Return3m,Return3m_.NSEI,0.6242684401953991,0.06102666963660108,0.08920833471386058,0.781311718340038,0.14837406022850086
valuation,Nifty_Div_Yield,Return6m,Return6m_.NIFMDCP100,0.000831225609878361,0.8000903338803051,0.14418149737333463,0.057726223002909416,0.4792673693438485
valuation,Nifty_Div_Yield,Return6m,Return6m_.NIFSMCP100,0.0017214530732834188,0.7226774830665623,0.18257159073102258,0.15774599368977915,0.32585596445591336
valuation,Nifty_Div_Yield,Return6m,Return6m_.NSEI,0.0014454560893093493,0.20717308345298302,0.3452836515757538,0.3717311150583107,0.5975607443711737
valuation,Nifty_Div_Yield,SemiStd12m,SemiStd12m_.NIFMDCP100,8.005995270554678e-05,0.9339732884322789,0.0019430250658944992,9.640488407569592e-11,0.4766699954285507
valuation,Nifty_Div_Yield,SemiStd12m,SemiStd12m_.NIFSMCP100,3.861028669294164e-05,0.18827327851094688,0.001337926096021791,7.353376390017985e-07,0.9042095917910484
valuation,Nifty_Div_Yield,SemiStd12m,SemiStd12m_.NSEI,0.00019375740969884703,0.009048510036418156,0.0006905632922249438,0.6542106205054217,0.407452897160701
valuation,Nifty_Div_Yield,SemiStd3m,SemiStd3m_.NIFMDCP100,0.0039108467402637626,0.15137635596016752,0.46013301489527914,0.19242375447824855,0.1526998487384179
valuation,Nifty_Div_Yield,SemiStd3m,SemiStd3m_.NIFSMCP100,0.006339796459631453,0.31117913098314043,0.6094325162792424,0.38277085005385425,0.20309714252102284
valuation,Nifty_Div_Yield,SemiStd3m,SemiStd3m_.NSEI,0.003077220817632398,0.5039391415959642,0.17974808481645832,0.9431250261498851,0.17139268264007934
valuation,Nifty_Div_Yield,SemiStd6m,SemiStd6m_.NIFMDCP100,3.240928425629619e-07,0.9281603318536473,0.15618404056535096,0.0010083984510318444,0.44125511910846105
valuation,Nifty_Div_Yield,SemiStd6m,SemiStd6m_.NIFSMCP100,4.210543582683357e-07,0.3017115459719062,0.06621992020522716,0.014505159528506839,0.34138687728903605
valuation,Nifty_Div_Yield,SemiStd6m,SemiStd6m_.NSEI,7.684027123477932e-07,0.02673252518210001,0.2454571443379121,0.8140073244695276,0.9030431813714996
valuation,Nifty_EPS,Drawdown12m,Drawdown12m_.NIFMDCP100,0.1946521120950524,0.15294729984642874,0.9617545264929883,0.8972017685849019,0.04789301097023224
valuation,Nifty_EPS,Drawdown12m,Drawdown12m_.NIFSMCP100,0.32679145857057645,0.16575634588206922,0.7373687347348894,0.7535949270464566,0.1105168908319174
valuation,Nifty_EPS,Drawdown12m,Drawdown12m_.NSEI,0.23683766963609143,0.016608374711057028,0.9572052500954762,0.619341106314875,0.336447606395768
valuation,Nifty_EPS,Drawdown3m,Drawdown3m_.NIFMDCP100,0.8424585317916442,0.7041236147365795,0.13431596627397058,0.1233596552382672,0.23446659700909267
valuation,Nifty_EPS,Drawdown3m,Drawdown3m_.NIFSMCP100,0.9821146462165902,0.9156422779763671,0.1477919293950476,0.1541760213005381,0.2894888513498688
valuation,Nifty_EPS,Drawdown3m,Drawdown3m_.NSEI,0.8846939544634196,0.2087980801887901,0.14325809124824374,0.7005044694243754,0.8483207597425733
valuation,Nifty_EPS,Drawdown6m,Drawdown6m_.NIFMDCP100,0.36240281345021974,0.18264303071484145,0.32445606109562997,0.519166901727254,0.13269550757313775
valuation,Nifty_EPS,Drawdown6m,Drawdown6m_.NIFSMCP100,0.9869902801056631,0.3488972816827485,0.39634176395010123,0.6251662561320215,0.048700951773842815
valuation,Nifty_EPS,Drawdown6m,Drawdown6m_.NSEI,0.4698155753447235,0.16933608024827262,0.3767081543517352,0.9149549105395249,0.8726511254674483
valuation,Nifty_EPS,LogReturn,LogReturn_.NIFMDCP100,0.47014335884216707,0.6557624184069069,0.12013817583550956,0.1573279139675856,0.30354197809926475
valuation,Nifty_EPS,LogReturn,LogReturn_.NIFSMCP100,0.3140058487253832,0.8787303061947787,0.14515376148366688,0.12428558917681132,0.25143969904539887
valuation,Nifty_EPS,LogReturn,LogReturn_.NSEI,0.5943539015294843,0.2523861014436646,0.15541282904961018,0.5037626443866419,0.6702740983762541
valuation,Nifty_EPS,Return12m,Return12m_.NIFMDCP100,0.19444536096504916,0.6155214976141452,0.5879617349834605,0.6348720046856711,0.2676438672671413
valuation,Nifty_EPS,Return12m,Return12m_.NIFSMCP100,0.06465678785162488,0.4590566983001447,0.8934367023691396,0.7233793639149064,0.4782314703735553
valuation,Nifty_EPS,Return12m,Return12m_.NSEI,0.24177394051706225,0.021864285370754466,0.8327750392172995,0.9996433049231959,0.5620736641879898
valuation,Nifty_EPS,Return3m,Return3m_.NIFMDCP100,0.17212288285765553,0.927529358654303,0.020560419306295596,0.4607225677964788,0.1875084863042058
valuation,Nifty_EPS,Return3m,Return3m_.NIFSMCP100,0.04924150566292207,0.7691970853619745,0.04118272897065545,0.3502125905365636,0.13704135879498658
valuation,Nifty_EPS,Return3m,Return3m_.NSEI,0.3584101086136844,0.09756909183896201,0.020661181926637573,0.8145952996668053,0.7273563441788862
valuation,Nifty_EPS,Return6m,Return6m_.NIFMDCP100,0.08805007266271936,0.5240973361551893,0.03712625486072696,0.6970449922639101,0.13188638815733933
valuation,Nifty_EPS,Return6m,Return6m_.NIFSMCP100,0.013264171694410853,0.4169503451823391,0.06489726852393662,0.978835187373589,0.0931360385779254
valuation,Nifty_EPS,Return6m,Return6m_.NSEI,0.1757778813138311,0.18260335596135535,0.0479164164410979,0.41309481885972366,0.5490727062620371
valuation,Nifty_EPS,SemiStd12m,SemiStd12m_.NIFMDCP100,0.018247065097676263,0.15697598987947248,0.21420790901772424,0.698873430614813,0.0007647117975340123
valuation,Nifty_EPS,SemiStd12m,SemiStd12m_.NIFSMCP100,0.05936302431719476,0.8846126839875894,0.06663358709000633,0.30878827244122653,0.02431924179885936
valuation,Nifty_EPS,SemiStd12m,SemiStd12m_.NSEI,0.005294465162878348,0.01924152774502863,0.1674895220614483,0.10728793193500441,0.33728171662976925
valuation,Nifty_EPS,SemiStd3m,SemiStd3m_.NIFMDCP100,0.890817648999968,0.11483399725372512,0.11741619179901064,0.5424018100330437,0.03083218367848506
valuation,Nifty_EPS,SemiStd3m,SemiStd3m_.NIFSMCP100,0.9794515497119474,0.45293573846404,0.14051764491106833,0.8829418994723475,0.03542685903950771
valuation,Nifty_EPS,SemiStd3m,SemiStd3m_.NSEI,0.822807791920481,0.1975451244155746,0.21219029708867176,0.5998547601565729,0.41507251757707797
valuation,Nifty_EPS,SemiStd6m,SemiStd6m_.NIFMDCP100,0.45772142912957925,0.016136394990035274,0.4676455319419035,0.5060053924302217,0.0008066364990628738
valuation,Nifty_EPS,SemiStd6m,SemiStd6m_.NIFSMCP100,0.6794016366914946,0.2522513362097003,0.6651958767718513,0.19352516939528286,0.0005027252335043642
valuation,Nifty_EPS,SemiStd6m,SemiStd6m_.NSEI,0.27854864231018195,0.24735703488738525,0.5722341076577546,0.09258079834051047,0.2440540871735417
valuation,Nifty_PB,Drawdown12m,Drawdown12m_.NIFMDCP100,0.0005667851156039294,0.19249909933838194,0.21575898876307642,0.37565105793782116,0.4210951480926135
valuation,Nifty_PB,Drawdown12m,Drawdown12m_.NIFSMCP100,0.0019130039433985502,0.2319294956216389,0.060788437656170036,0.23787325734640108,0.7722940709119743
valuation,Nifty_PB,Drawdown12m,Drawdown12m_.NSEI,0.0008750636895857866,0.4444202953690035,0.1894891123457958,0.8473135488672339,0.4882746551781909
valuation,Nifty_PB,Drawdown3m,Drawdown3m_.NIFMDCP100,0.5478947426271985,0.12492739490642513,0.21329925464006938,0.7195187015086684,0.3472201300324447
valuation,Nifty_PB,Drawdown3m,Drawdown3m_.NIFSMCP100,0.7191386404082767,0.19830983101152766,0.33908531863451086,0.7315163907921638,0.7291339117388951
valuation,Nifty_PB,Drawdown3m,Drawdown3m_.NSEI,0.617742751747413,0.3110557903191191,0.227395027859004,0.2040757732298839,0.17144620185340975
valuation,Nifty_PB,Drawdown6m,Drawdown6m_.NIFMDCP100,0.00719304243663732,0.11075515842404182,0.7955896426155591,0.9593497218514155,0.3639985743876841
valuation,Nifty_PB,Drawdown6m,Drawdown6m_.NIFSMCP100,0.01667552032831754,0.24860395200702423,0.8581723218594723,0.9900346609497812,0.9546371720076599
valuation,Nifty_PB,Drawdown6m,Drawdown6m_.NSEI,0.016899394880754537,0.4337184927381732,0.9541164387945658,0.31760283090218455,0.3965318161545115
valuation,Nifty_PB,LogReturn,LogReturn_.NIFMDCP100,0.13078666840620334,0.12877525477995544,0.11655787429610176,0.30392171877601215,0.16989186898025221
valuation,Nifty_PB,LogReturn,LogReturn_.NIFSMCP100,0.12677548332094246,0.1289580749367607,0.2251725146771142,0.35303255541822454,0.28803102817716875
valuation,Nifty_PB,LogReturn,LogReturn_.NSEI,0.11881276959573683,0.4670709853237769,0.12436262781281915,0.27985246668525376,0.13750924404640807
valuation,Nifty_PB,Return12m,Return12m_.NIFMDCP100,6.853736004730493e-05,0.06318553189996634,0.013214385914326776,1.9970400642721486e-05,0.0032856361554329805
valuation,Nifty_PB,Return12m,Return12m_.NIFSMCP100,0.00017884420615121854,0.1519767988210281,0.0021643379285420927,0.00017350707595431558,0.0014639263068600972
valuation,Nifty_PB,Return12m,Return12m_.NSEI,4.643707848961398e-05,0.0003653311304290252,0.005703587925006026,0.00017523420895093622,0.003421047822393941
valuation,Nifty_PB,Return3m,Return3m_.NIFMDCP100,0.8056520015791127,0.09254957942466868,0.16844904653988224,0.5376610638451731,0.23354509377873467
valuation,Nifty_PB,Return3m,Return3m_.NIFSMCP100,0.683792031565174,0.04495062075034584,0.2517218548172102,0.6045040155060053,0.3207018315975363
valuation,Nifty_PB,Return3m,Return3m_.NSEI,0.6799650100814887,0.2790034012088185,0.14694141885239853,0.2625282024018254,0.3780148869151658
valuation,Nifty_PB,Return6m,Return6m_.NIFMDCP100,0.15235176369725223,0.8402969682260852,0.9217694602526247,0.3837101707199553,0.5758751187023683
valuation,Nifty_PB,Return6m,Return6m_.NIFSMCP100,0.26521238689998694,0.6289677936512645,0.9964211871258029,0.564839340035372,0.6375484654912085
valuation,Nifty_PB,Return6m,Return6m_.NSEI,0.14069471747618167,0.46475920144258565,0.9607772536225303,0.8648021397619434,0.1809407235788527
valuation,Nifty_PB,SemiStd12m,SemiStd12m_.NIFMDCP100,9.515725984954315e-10,0.08438487508339954,0.002306195238610753,9.292099194535552e-07,0.20121708601466737
valuation,Nifty_PB,SemiStd12m,SemiStd12m_.NIFSMCP100,1.7181975842106567e-09,0.0011035925895537257,0.0002713979026487401,0.00024764677098998433,0.029432512911134356
valuation,Nifty_PB,SemiStd12m,SemiStd12m_.NSEI,1.5312082712881647e-09,9.32537240605491e-06,0.0007191342793502198,0.7385794041618139,0.014667214210200008
valuation,Nifty_PB,SemiStd3m,SemiStd3m_.NIFMDCP100,0.02792665022691221,0.35756518174260377,0.255213421254596,0.6881307727303332,0.2659156151455402
valuation,Nifty_PB,SemiStd3m,SemiStd3m_.NIFSMCP100,0.051700740819455415,0.6175796850639101,0.4966980416532971,0.9770740831574725,0.6274553484187879
valuation,Nifty_PB,SemiStd3m,SemiStd3m_.NSEI,0.014869777796660877,0.3896739412385106,0.2611129815957165,0.3536043915389975,0.2419820204309171
valuation,Nifty_PB,SemiStd6m,SemiStd6m_.NIFMDCP100,1.2228949209713846e-05,0.6524034559219392,0.5953159370822032,0.06460925350138824,0.7588197209407812
valuation,Nifty_PB,SemiStd6m,SemiStd6m_.NIFSMCP100,4.3944347471791545e-05,0.1532781696430463,0.2823224776014759,0.2982474736000005,0.7511293190382811
valuation,Nifty_PB,SemiStd6m,SemiStd6m_.NSEI,4.945656665533704e-06,0.1923722157503578,0.4944711672408346,0.3463210086474009,0.7081452454826365
valuation,Nifty_PE,Drawdown12m,Drawdown12m_.NIFMDCP100,0.0007972329481167328,0.025743030712539472,2.827349266421031e-05,0.12001050697115012,0.9859306472890301
valuation,Nifty_PE,Drawdown12m,Drawdown12m_.NIFSMCP100,8.046126169780621e-07,0.033889217975153985,4.4378862162908206e-07,0.0793379052892107,0.7760091746357107
valuation,Nifty_PE,Drawdown12m,Drawdown12m_.NSEI,0.0008577831280358605,0.08538734433030415,7.647325469184452e-05,0.3419761116612978,0.699006969866323
valuation,Nifty_PE,Drawdown3m,Drawdown3m_.NIFMDCP100,0.24960769542441041,0.08906579306236395,0.4822902524797845,0.9690853802186317,0.3972930275485016
valuation,Nifty_PE,Drawdown3m,Drawdown3m_.NIFSMCP100,0.2882040988252035,0.19874069344797207,0.4390378879141399,0.9673824133537439,0.5247706373312901
valuation,Nifty_PE,Drawdown3m,Drawdown3m_.NSEI,0.26841484412408745,0.5185842489770618,0.7046947927877341,0.5414939339609,0.029176537782606093
valuation,Nifty_PE,Drawdown6m,Drawdown6m_.NIFMDCP100,0.0050116047395096786,0.02697217685462605,0.018444765091958137,0.599364220539107,0.6272972092125437
valuation,Nifty_PE,Drawdown6m,Drawdown6m_.NIFSMCP100,0.0013246499392558508,0.0966651208528635,0.009167068240392595,0.6526368967242018,0.8657652388630259
valuation,Nifty_PE,Drawdown6m,Drawdown6m_.NSEI,0.008677468444236336,0.8627844569648597,0.024720559537120712,0.8058857902350722,0.25451089229785295
valuation,Nifty_PE,LogReturn,LogReturn_.NIFMDCP100,0.6892451972570055,0.2826218395270532,0.8007945620618886,0.6811053572105348,0.031166184350847503
valuation,Nifty_PE,LogReturn,LogReturn_.NIFSMCP100,0.7868685482681375,0.28423086754190097,0.8811675566913841,0.8124064259716475,0.04415392145269026
valuation,Nifty_PE,LogReturn,LogReturn_.NSEI,0.5961216818069293,0.706255093023636,0.7019697158575795,0.6029491473210484,0.0078204918505147
valuation,Nifty_PE,Return12m,Return12m_.NIFMDCP100,5.058946594971303e-10,0.2503006132194723,1.3620560901372869e-08,0.00011395746830400455,0.5094628469897846
valuation,Nifty_PE,Return12m,Return12m_.NIFSMCP100,1.5955192722572065e-10,0.6059145730069595,2.1452595255766482e-10,0.0003621103876749743,0.4366157820158014
valuation,Nifty_PE,Return12m,Return12m_.NSEI,4.815035037353255e-10,0.10743306628974869,3.5628329175807494e-09,0.0006863508128178708,0.5237437634961757
valuation,Nifty_PE,Return3m,Return3m_.NIFMDCP100,0.18091891286489847,0.2665142587035527,0.779377334562672,0.8796099279235139,0.17690788239467037
valuation,Nifty_PE,Return3m,Return3m_.NIFSMCP100,0.16410719356368708,0.179457244228985,0.8720151980240964,0.7566072288496082,0.25601431130193353
valuation,Nifty_PE,Return3m,Return3m_.NSEI,0.3372692730957403,0.8583824035876721,0.8851426701936087,0.9019025953278819,0.11376348156383931
valuation,Nifty_PE,Return6m,Return6m_.NIFMDCP100,0.0003024783362768346,0.9910233306881608,0.006081244373808525,0.12480712411532124,0.32605519600438737
valuation,Nifty_PE,Return6m,Return6m_.NIFSMCP100,0.00027385457492479226,0.8411945619170083,0.01072640684328996,0.18456234408502437,0.3915547799012544
valuation,Nifty_PE,Return6m,Return6m_.NSEI,0.0005635653885387448,0.014461874843992861,0.01698498699026918,0.23850456984434798,0.08893346923623047
valuation,Nifty_PE,SemiStd12m,SemiStd12m_.NIFMDCP100,0.0004021659097275254,0.035968038661566615,1.6878107800266662e-09,2.0621963958689093e-07,0.8060083330170185
valuation,Nifty_PE,SemiStd12m,SemiStd12m_.NIFSMCP100,0.00013120641330655047,0.9376318921640692,1.6181929129999162e-09,0.00012832146938013267,0.5687547788150953
valuation,Nifty_PE,SemiStd12m,SemiStd12m_.NSEI,0.0017988081386093313,0.015518927428435525,1.4521821523061362e-09,0.26797110621748366,0.5590192050663605
valuation,Nifty_PE,SemiStd3m,SemiStd3m_.NIFMDCP100,0.006806398489198839,0.14288756413589554,0.16914437665039683,0.3147154742293292,0.951133317645559
valuation,Nifty_PE,SemiStd3m,SemiStd3m_.NIFSMCP100,0.01067011492441483,0.32669164067754997,0.1549286367854279,0.6984410236892469,0.7806703533030057
valuation,Nifty_PE,SemiStd3m,SemiStd3m_.NSEI,0.00542245660817442,0.6548223544519174,0.4846930679853725,0.9239513545832936,0.3233562048173795
valuation,Nifty_PE,SemiStd6m,SemiStd6m_.NIFMDCP100,4.905939378740953e-06,0.2734487046215861,9.257914827642821e-05,0.01700867229171954,0.25995902756885525
valuation,Nifty_PE,SemiStd6m,SemiStd6m_.NIFSMCP100,4.108408613756609e-06,0.9278322551870086,3.836495454212496e-05,0.17710169060748693,0.15503233050577991
valuation,Nifty_PE,SemiStd6m,SemiStd6m_.NSEI,1.3362899315527699e-05,0.00917361559878005,0.000586258794602168,0.8440343979470342,0.3915183511133715
valuation,US_CAPE,Drawdown12m,Drawdown12m_.NIFMDCP100,0.0009996495305211184,0.019774738681415993,0.0030438257159937088,0.1874730454585236,0.02694330596023975
valuation,US_CAPE,Drawdown12m,Drawdown12m_.NIFSMCP100,1.8413267555139612e-06,0.022217212553904186,0.0001077105432627512,0.8565926260314372,0.07329603604271506
valuation,US_CAPE,Drawdown12m,Drawdown12m_.NSEI,0.0012962005316148328,0.008916148116741462,0.0030897985811526585,0.021737252455592326,0.16652372197419196
valuation,US_CAPE,Drawdown3m,Drawdown3m_.NIFMDCP100,0.1802590500460759,0.12058389057480468,0.8463352858070714,0.3116701646362636,0.09954743217966677
valuation,US_CAPE,Drawdown3m,Drawdown3m_.NIFSMCP100,0.23681250174823365,0.27697933130907026,0.6292135528365512,0.5951958993394064,0.09565516380409478
valuation,US_CAPE,Drawdown3m,Drawdown3m_.NSEI,0.18322306516884113,0.9701647021243529,0.9161466093831281,0.24819416265374183,0.4902891107454175
valuation,US_CAPE,Drawdown6m,Drawdown6m_.NIFMDCP100,0.0045809942791410485,0.02581616382947205,0.1413750026800955,0.2463217100912507,0.03593233120442019
valuation,US_CAPE,Drawdown6m,Drawdown6m_.NIFSMCP100,0.002593124072389763,0.08608809323793909,0.060691938017643166,0.9988808964456912,0.020296316692054894
valuation,US_CAPE,Drawdown6m,Drawdown6m_.NSEI,0.007639703745184745,0.3704199889955784,0.11506239210169467,0.1262578485208088,0.3272135257159907
valuation,US_CAPE,LogReturn,LogReturn_.NIFMDCP100,0.6251922570030475,0.38627452370862025,0.40554172762123764,0.4271778035842022,0.09934287182503643
valuation,US_CAPE,LogReturn,LogReturn_.NIFSMCP100,0.68190273835808,0.2841427225738631,0.5512940326251989,0.5132803048732857,0.0560212291429214
valuation,US_CAPE,LogReturn,LogReturn_.NSEI,0.5714691554583298,0.9795525754290753,0.39370080717576195,0.9043640044761359,0.3580647726424935
valuation,US_CAPE,Return12m,Return12m_.NIFMDCP100,2.4408497445449484e-09,0.7503476334604948,0.0011614201268443924,0.8155032552088888,0.3183073211926153
valuation,US_CAPE,Return12m,Return12m_.NIFSMCP100,1.2839664886854507e-09,0.8095022827721878,3.2365711507775785e-05,0.3638199143176466,0.4881539766049705
valuation,US_CAPE,Return12m,Return12m_.NSEI,1.0404395123231325e-08,0.0018032612854466112,0.00015827478796537342,0.2689035505498467,0.709887418543536
valuation,US_CAPE,Return3m,Return3m_.NIFMDCP100,0.1988801155536637,0.4125619570558885,0.761131002548749,0.03342963669740806,0.03591847939330983
valuation,US_CAPE,Return3m,Return3m_.NIFSMCP100,0.17971853390381698,0.24264767414011024,0.8856216168541917,0.06248449558471281,0.0168673115021849
valuation,US_CAPE,Return3m,Return3m_.NSEI,0.3166548954523707,0.22113500353926097,0.7595412954617831,0.05951160389606236,0.25107587363201667
valuation,US_CAPE,Return6m,Return6m_.NIFMDCP100,0.0040517528106691625,0.40597037774498146,0.6685110935426986,0.009857563328740993,0.09512229548185558
valuation,US_CAPE,Return6m,Return6m_.NIFSMCP100,0.0027362557917924857,0.418689522355008,0.5602608103468429,0.005516260498964254,0.05971888917472379
valuation,US_CAPE,Return6m,Return6m_.NSEI,0.005406001180854325,0.017379494314370802,0.6389320824313391,0.0014293972693357748,0.4330342351235159
valuation,US_CAPE,SemiStd12m,SemiStd12m_.NIFMDCP100,3.553964025448941e-05,0.11614273948878062,7.609998631252779e-09,0.8497202594788558,0.006542073911394608
valuation,US_CAPE,SemiStd12m,SemiStd12m_.NIFSMCP100,1.0080950101354347e-05,0.4330314682100296,5.795808277753167e-12,0.2820051662572256,0.058316861244310125
valuation,US_CAPE,SemiStd12m,SemiStd12m_.NSEI,0.0002209898489731188,0.00015511380029797905,2.0989894267131604e-09,2.379365127147537e-08,0.585393222343187
valuation,US_CAPE,SemiStd3m,SemiStd3m_.NIFMDCP100,0.00568455751577468,0.06777442750752805,0.3298752863613288,0.10457677748968552,0.024855869777595574
valuation,US_CAPE,SemiStd3m,SemiStd3m_.NIFSMCP100,0.010995893800826106,0.33996135062116384,0.1536075101759551,0.14259095112133857,0.011978437027221789
valuation,US_CAPE,SemiStd3m,SemiStd3m_.NSEI,0.0023776757865769937,0.3188373131511717,0.32389890401015453,0.011033510034332172,0.2980111512262791
valuation,US_CAPE,SemiStd6m,SemiStd6m_.NIFMDCP100,2.703095150158319e-05,0.08435561274544612,0.019961045902128438,0.3476573071269109,0.018575546459222103
valuation,US_CAPE,SemiStd6m,SemiStd6m_.NIFSMCP100,3.6736588695518435e-05,0.8126717427687606,0.0027633461451652686,0.2942279849136338,0.007569724042763903
valuation,US_CAPE,SemiStd6m,SemiStd6m_.NSEI,2.963972923053504e-05,0.02462158407481163,0.01632432211224577,0.0005203002362823561,0.40302247457158025
vix,IND_VIX,Drawdown12m,Drawdown12m_.NIFMDCP100,1.1272358602099075e-09,0.024737046478889635,,3.394709452519962e-05,0.42972009160230606
vix,IND_VIX,Drawdown12m,Drawdown12m_.NIFSMCP100,9.83852515878958e-06,0.012267214359391154,,0.0007421566049670147,0.3966061977843398
vix,IND_VIX,Drawdown12m,Drawdown12m_.NSEI,6.625155979378405e-10,9.978079171801824e-07,,1.670535807463125e-07,0.45521317885878454
vix,IND_VIX,Drawdown3m,Drawdown3m_.NIFMDCP100,2.7035929051066887e-10,0.03530047459892116,,0.006281785860521305,0.7925854833320947
vix,IND_VIX,Drawdown3m,Drawdown3m_.NIFSMCP100,1.2998401244246338e-08,0.005937654388453728,,0.06308292829108164,0.7175363341226828
vix,IND_VIX,Drawdown3m,Drawdown3m_.NSEI,4.6109738249811016e-10,0.0001743915508807259,,3.607043165998469e-05,0.5157144362463979
vix,IND_VIX,Drawdown6m,Drawdown6m_.NIFMDCP100,1.246519110154054e-09,0.026084196341269017,,0.0013845190918593264,0.6158102249851543
vix,IND_VIX,Drawdown6m,Drawdown6m_.NIFSMCP100,4.579832693085706e-07,0.00555317041898129,,0.023099676668037805,0.5104490622352518
vix,IND_VIX,Drawdown6m,Drawdown6m_.NSEI,9.313898541307708e-10,9.478465074597153e-06,,2.5715555045380256e-06,0.7126554245990486
vix,IND_VIX,LogReturn,LogReturn_.NIFMDCP100,9.149256735052624e-05,0.042890248010131415,,0.11138373365756005,0.4072419373273437
vix,IND_VIX,LogReturn,LogReturn_.NIFSMCP100,4.8524248800863035e-05,0.03398985440955915,,0.4231976478120112,0.18686274552784665
vix,IND_VIX,LogReturn,LogReturn_.NSEI,0.0006619482676106792,0.014217114684290433,,0.047391309642196955,0.3280646117714574
vix,IND_VIX,Return12m,Return12m_.NIFMDCP100,0.002240974753853875,0.2250122715227425,,0.1962319344259047,0.17166246268537555
vix,IND_VIX,Return12m,Return12m_.NIFSMCP100,0.008115766229195076,0.017957034306909536,,0.14162545071065136,0.19238291635684757
vix,IND_VIX,Return12m,Return12m_.NSEI,0.0018697551755118003,0.017586342894515106,,0.04387994095008518,0.22373139262328623
vix,IND_VIX,Return3m,Return3m_.NIFMDCP100,0.0011844172996680058,0.0057235947154026245,,0.01792260324121875,0.6342538697336333
vix,IND_VIX,Return3m,Return3m_.NIFSMCP100,0.0033679704323059667,0.0010842793681826723,,0.15620878630389323,0.49601364979140694
vix,IND_VIX,Return3m,Return3m_.NSEI,0.0004827510634795029,6.642952927293777e-06,,0.0017449935755211587,0.8187164540030134
vix,IND_VIX,Return6m,Return6m_.NIFMDCP100,0.003400856552057796,0.017005613832767885,,0.0009406793540842617,0.5803854082258484
vix,IND_VIX,Return6m,Return6m_.NIFSMCP100,0.010889354929684458,0.0010807481098300542,,0.010567645660098268,0.480648365980171
vix,IND_VIX,Return6m,Return6m_.NSEI,0.0014989772300511017,2.4849339049781705e-05,,2.0664163231653987e-06,0.8539510799179544
vix,IND_VIX,SemiStd12m,SemiStd12m_.NIFMDCP100,0.000494226364063266,0.5057831406073616,,0.07400625879152756,0.6846771773199296
vix,IND_VIX,SemiStd12m,SemiStd12m_.NIFSMCP100,0.0007164436291429155,0.04068279002050734,,0.009965370912445648,0.5538097700326019
vix,IND_VIX,SemiStd12m,SemiStd12m_.NSEI,0.0005894835424389289,0.0003166495945465808,,1.1998340736951718e-05,0.32332937721340405
vix,IND_VIX,SemiStd3m,SemiStd3m_.NIFMDCP100,1.2473063228934933e-06,0.022437314413709775,,0.002089477565431652,0.423564354218779
vix,IND_VIX,SemiStd3m,SemiStd3m_.NIFSMCP100,2.543887481998297e-06,0.0017504212042191991,,0.005170095236914918,0.31513961849387373
vix,IND_VIX,SemiStd3m,SemiStd3m_.NSEI,6.943316190888282e-07,1.768436077576041e-07,,6.539323611720604e-06,0.5693554022487461
vix,IND_VIX,SemiStd6m,SemiStd6m_.NIFMDCP100,9.217269568928543e-05,0.23172313107708575,,0.0045596242824987865,0.5174178433699099
vix,IND_VIX,SemiStd6m,SemiStd6m_.NIFSMCP100,0.00014801634771921535,0.01913221746293159,,0.0013804062381399529,0.6146881564766229
vix,IND_VIX,SemiStd6m,SemiStd6m_.NSEI,5.37741867172592e-05,2.7352307115702246e-05,,9.807432486130807e-07,0.7914567069100491
vix,US_VIX,Drawdown12m,Drawdown12m_.NIFMDCP100,1.0649402080620263e-05,0.0021093357439248006,,0.018687838551564084,0.00024997889705469234
vix,US_VIX,Drawdown12m,Drawdown12m_.NIFSMCP100,3.491688194023901e-05,0.001922373350268014,,0.16275080370961126,9.25979455652648e-05
vix,US_VIX,Drawdown12m,Drawdown12m_.NSEI,1.6846633674738598e-06,9.532328715256e-07,,2.1138486959060288e-05,0.00037606158168213
vix,US_VIX,Drawdown3m,Drawdown3m_.NIFMDCP100,2.0469853687643536e-06,0.0168506464588134,,0.05609190594863134,0.05208159880666163
vix,US_VIX,Drawdown3m,Drawdown3m_.NIFSMCP100,1.1964102955452915e-05,0.00586128177478118,,0.12108845785294275,0.13578368070082036
vix,US_VIX,Drawdown3m,Drawdown3m_.NSEI,1.9545181784152987e-07,0.0003971756419409722,,0.0014384954662121086,0.08329517420393806
vix,US_VIX,Drawdown6m,Drawdown6m_.NIFMDCP100,3.3068275196113106e-05,0.0014797301512643468,,0.09505798059240833,0.0036364520064844363
vix,US_VIX,Drawdown6m,Drawdown6m_.NIFSMCP100,0.00011278166089345731,0.0011898955817213341,,0.3550961255787555,0.0005760313205374068
vix,US_VIX,Drawdown6m,Drawdown6m_.NSEI,7.1900706830607675e-06,3.0600441647266052e-06,,0.0001636715967752167,0.03886138488419477
vix,US_VIX,LogReturn,LogReturn_.NIFMDCP100,0.0001228484157718146,0.039243210071979506,,0.021107686876112863,0.07277793410702094
vix,US_VIX,LogReturn,LogReturn_.NIFSMCP100,7.027202783627118e-05,0.04098889050000798,,0.05128575930585377,0.13930409494090723
vix,US_VIX,LogReturn,LogReturn_.NSEI,0.00044020355905805,0.004823144041505634,,0.03211035431993681,0.0723568778778958
vix,US_VIX,Return12m,Return12m_.NIFMDCP100,1.4099943040246643e-05,0.02986506626254748,,0.7279343666755058,0.001357687063893387
vix,US_VIX,Return12m,Return12m_.NIFSMCP100,5.809389341027149e-05,0.003908631134629248,,0.4614347784248385,0.0005557774188800213
vix,US_VIX,Return12m,Return12m_.NSEI,1.3247552144157737e-05,0.01139130198526539,,0.0923783065700381,0.020419805619405818
vix,US_VIX,Return3m,Return3m_.NIFMDCP100,0.006783271881634967,0.007963851379566789,,0.016913985203221626,0.0015142339491243106
vix,US_VIX,Return3m,Return3m_.NIFSMCP100,0.01165618880026531,0.0031346740139124307,,0.03280229303362692,0.0008116738145156344
vix,US_VIX,Return3m,Return3m_.NSEI,0.0018738438623122633,0.00011533018947962326,,0.0006073539039122,0.013418606991105309
vix,US_VIX,Return6m,Return6m_.NIFMDCP100,0.002747559931855159,0.0026888686781290083,,0.07705447354768258,3.697693874160635e-05
vix,US_VIX,Return6m,Return6m_.NIFSMCP100,0.007152413200047114,0.00021776882170887468,,0.09534345747836381,2.8027607626102125e-05
vix,US_VIX,Return6m,Return6m_.NSEI,0.0010817180636781831,4.376304679598597e-05,,0.00038415264978097774,0.00017380768590036233
vix,US_VIX,SemiStd12m,SemiStd12m_.NIFMDCP100,0.0008431053014459344,0.42485636337283683,,0.9015246249108506,0.0003263408566280823
vix,US_VIX,SemiStd12m,SemiStd12m_.NIFSMCP100,0.000716212664480409,0.17981543124203592,,0.35137542041153536,0.00031747994480091357
vix,US_VIX,SemiStd12m,SemiStd12m_.NSEI,0.0018983685097897496,0.007531758153152435,,1.8184190547776424e-05,0.0005882064933093734
vix,US_VIX,SemiStd3m,SemiStd3m_.NIFMDCP100,0.0004511517791128128,0.1018596638437963,,0.10039412165134554,0.0005381461945792587
vix,US_VIX,SemiStd3m,SemiStd3m_.NIFSMCP100,0.0006128874341715385,0.03256633624499039,,0.025185770853090483,0.001677325267415375
vix,US_VIX,SemiStd3m,SemiStd3m_.NSEI,0.00023680130085868,5.097876945803215e-05,,0.001016524286399978,0.0008700506010537179
vix,US_VIX,SemiStd6m,SemiStd6m_.NIFMDCP100,0.003278164371924186,0.06332520484969906,,0.8985804100391395,0.0009454522077654293
vix,US_VIX,SemiStd6m,SemiStd6m_.NIFSMCP100,0.003312805845467448,0.012034503889555515,,0.46301521306862736,0.0017440035586127056
vix,US_VIX,SemiStd6m,SemiStd6m_.NSEI,0.0029193466262371626,2.478633359825899e-05,,0.007444497652016935,0.000274579169578848
