,Date,US CAPE
0,1871-01-31,
1,1871-02-28,
2,1871-03-31,
3,1871-04-30,
4,1871-05-31,
5,1871-06-30,
6,1871-07-31,
7,1871-08-31,
8,1871-09-30,
9,1871-10-31,
10,1871-11-30,
11,1871-12-31,
12,1872-01-31,
13,1872-02-29,
14,1872-03-31,
15,1872-04-30,
16,1872-05-31,
17,1872-06-30,
18,1872-07-31,
19,1872-08-31,
20,1872-09-30,
21,1872-10-31,
22,1872-11-30,
23,1872-12-31,
24,1873-01-31,
25,1873-02-28,
26,1873-03-31,
27,1873-04-30,
28,1873-05-31,
29,1873-06-30,
30,1873-07-31,
31,1873-08-31,
32,1873-09-30,
33,1873-10-31,
34,1873-11-30,
35,1873-12-31,
36,1874-01-31,
37,1874-02-28,
38,1874-03-31,
39,1874-04-30,
40,1874-05-31,
41,1874-06-30,
42,1874-07-31,
43,1874-08-31,
44,1874-09-30,
45,1874-10-31,
46,1874-11-30,
47,1874-12-31,
48,1875-01-31,
49,1875-02-28,
50,1875-03-31,
51,1875-04-30,
52,1875-05-31,
53,1875-06-30,
54,1875-07-31,
55,1875-08-31,
56,1875-09-30,
57,1875-10-31,
58,1875-11-30,
59,1875-12-31,
60,1876-01-31,
61,1876-02-29,
62,1876-03-31,
63,1876-04-30,
64,1876-05-31,
65,1876-06-30,
66,1876-07-31,
67,1876-08-31,
68,1876-09-30,
69,1876-10-31,
70,1876-11-30,
71,1876-12-31,
72,1877-01-31,
73,1877-02-28,
74,1877-03-31,
75,1877-04-30,
76,1877-05-31,
77,1877-06-30,
78,1877-07-31,
79,1877-08-31,
80,1877-09-30,
81,1877-10-31,
82,1877-11-30,
83,1877-12-31,
84,1878-01-31,
85,1878-02-28,
86,1878-03-31,
87,1878-04-30,
88,1878-05-31,
89,1878-06-30,
90,1878-07-31,
91,1878-08-31,
92,1878-09-30,
93,1878-10-31,
94,1878-11-30,
95,1878-12-31,
96,1879-01-31,
97,1879-02-28,
98,1879-03-31,
99,1879-04-30,
100,1879-05-31,
101,1879-06-30,
102,1879-07-31,
103,1879-08-31,
104,1879-09-30,
105,1879-10-31,
106,1879-11-30,
107,1879-12-31,
108,1880-01-31,
109,1880-02-29,
110,1880-03-31,
111,1880-04-30,
112,1880-05-31,
113,1880-06-30,
114,1880-07-31,
115,1880-08-31,
116,1880-09-30,
117,1880-10-31,
118,1880-11-30,
119,1880-12-31,
120,1881-01-31,18.47
121,1881-02-28,18.15
122,1881-03-31,18.27
123,1881-04-30,17.95
124,1881-05-31,18.87
125,1881-06-30,19.03
126,1881-07-31,18.12
127,1881-08-31,17.29
128,1881-09-30,16.72
129,1881-10-31,16.26
130,1881-11-30,16.48
131,1881-12-31,15.96
132,1882-01-31,15.68
133,1882-02-28,15.15
134,1882-03-31,15.09
135,1882-04-30,14.92
136,1882-05-31,14.57
137,1882-06-30,14.33
138,1882-07-31,15.24
139,1882-08-31,15.53
140,1882-09-30,16.08
141,1882-10-31,15.76
142,1882-11-30,15.19
143,1882-12-31,15.38
144,1883-01-31,15.27
145,1883-02-28,14.76
146,1883-03-31,15.05
147,1883-04-30,15.48
148,1883-05-31,15.34
149,1883-06-30,15.9
150,1883-07-31,15.95
151,1883-08-31,15.2
152,1883-09-30,15.49
153,1883-10-31,15.05
154,1883-11-30,15.41
155,1883-12-31,14.9
156,1884-01-31,14.43
157,1884-02-29,14.81
158,1884-03-31,14.74
159,1884-04-30,14.35
160,1884-05-31,13.47
161,1884-06-30,12.91
162,1884-07-31,13.04
163,1884-08-31,13.86
164,1884-09-30,13.57
165,1884-10-31,13.27
166,1884-11-30,13.3
167,1884-12-31,13.43
168,1885-01-31,13.13
169,1885-02-28,13.38
170,1885-03-31,13.73
171,1885-04-30,13.55
172,1885-05-31,13.71
173,1885-06-30,13.98
174,1885-07-31,14.33
175,1885-08-31,15.13
176,1885-09-30,15.12
177,1885-10-31,15.99
178,1885-11-30,16.82
179,1885-12-31,16.3
180,1886-01-31,16.69
181,1886-02-28,17.01
182,1886-03-31,16.84
183,1886-04-30,16.8
184,1886-05-31,16.86
185,1886-06-30,17.83
186,1886-07-31,17.85
187,1886-08-31,17.72
188,1886-09-30,18.15
189,1886-10-31,18.56
190,1886-11-30,18.97
191,1886-12-31,18.19
192,1887-01-31,17.51
193,1887-02-28,17.13
194,1887-03-31,17.47
195,1887-04-30,17.82
196,1887-05-31,18.08
197,1887-06-30,17.71
198,1887-07-31,17.43
199,1887-08-31,16.74
200,1887-09-30,16.68
201,1887-10-31,15.88
202,1887-11-30,15.95
203,1887-12-31,15.46
204,1888-01-31,15.36
205,1888-02-29,15.42
206,1888-03-31,14.81
207,1888-04-30,15.02
208,1888-05-31,15.39
209,1888-06-30,15.08
210,1888-07-31,15.28
211,1888-08-31,15.6
212,1888-09-30,15.99
213,1888-10-31,15.72
214,1888-11-30,15.22
215,1888-12-31,14.95
216,1889-01-31,15.8
217,1889-02-28,16.19
218,1889-03-31,16.07
219,1889-04-30,16.05
220,1889-05-31,16.92
221,1889-06-30,17.22
222,1889-07-31,16.89
223,1889-08-31,17.13
224,1889-09-30,17.35
225,1889-10-31,17.05
226,1889-11-30,16.91
227,1889-12-31,16.61
228,1890-01-31,17.22
229,1890-02-28,17.03
230,1890-03-31,16.9
231,1890-04-30,17.26
232,1890-05-31,17.79
233,1890-06-30,17.68
234,1890-07-31,17.59
235,1890-08-31,16.6
236,1890-09-30,16.17
237,1890-10-31,15.48
238,1890-11-30,14.75
239,1890-12-31,14.44
240,1891-01-31,15.43
241,1891-02-28,15.48
242,1891-03-31,15.05
243,1891-04-30,15.41
244,1891-05-31,15.57
245,1891-06-30,15.66
246,1891-07-31,15.62
247,1891-08-31,16.16
248,1891-09-30,17.71
249,1891-10-31,17.72
250,1891-11-30,17.67
251,1891-12-31,18.21
252,1892-01-31,19.02
253,1892-02-29,19.04
254,1892-03-31,19.74
255,1892-04-30,19.94
256,1892-05-31,19.91
257,1892-06-30,19.77
258,1892-07-31,19.21
259,1892-08-31,19.2
260,1892-09-30,18.69
261,1892-10-31,19.04
262,1892-11-30,18.46
263,1892-12-31,18.01
264,1893-01-31,17.66
265,1893-02-28,17.13
266,1893-03-31,16.9
267,1893-04-30,17.1
268,1893-05-31,15.78
269,1893-06-30,15.42
270,1893-07-31,14.35
271,1893-08-31,14.59
272,1893-09-30,15.01
273,1893-10-31,15.27
274,1893-11-30,15.94
275,1893-12-31,15.61
276,1894-01-31,15.74
277,1894-02-28,16.2
278,1894-03-31,17.19
279,1894-04-30,17.43
280,1894-05-31,16.81
281,1894-06-30,16.61
282,1894-07-31,16.29
283,1894-08-31,16.46
284,1894-09-30,16.52
285,1894-10-31,16.5
286,1894-11-30,16.54
287,1894-12-31,16.67
288,1895-01-31,16.52
289,1895-02-28,16.33
290,1895-03-31,16.36
291,1895-04-30,16.39
292,1895-05-31,17.08
293,1895-06-30,17.21
294,1895-07-31,17.55
295,1895-08-31,18.07
296,1895-09-30,18.2
297,1895-10-31,17.94
298,1895-11-30,17.34
299,1895-12-31,16.55
300,1896-01-31,16.58
301,1896-02-29,17.52
302,1896-03-31,17.23
303,1896-04-30,17.64
304,1896-05-31,17.83
305,1896-06-30,17.78
306,1896-07-31,16.64
307,1896-08-31,15.7
308,1896-09-30,16.54
309,1896-10-31,16.44
310,1896-11-30,17.09
311,1896-12-31,16.5
312,1897-01-31,17.03
313,1897-02-28,16.89
314,1897-03-31,16.96
315,1897-04-30,16.7
316,1897-05-31,17.05
317,1897-06-30,17.85
318,1897-07-31,18.65
319,1897-08-31,19.01
320,1897-09-30,19.37
321,1897-10-31,19.03
322,1897-11-30,18.36
323,1897-12-31,18.75
324,1898-01-31,19.25
325,1898-02-28,18.92
326,1898-03-31,18.04
327,1898-04-30,17.71
328,1898-05-31,17.6
329,1898-06-30,19.54
330,1898-07-31,19.86
331,1898-08-31,20.54
332,1898-09-30,20.44
333,1898-10-31,19.95
334,1898-11-30,20.53
335,1898-12-31,21.4
336,1899-01-31,22.93
337,1899-02-28,23.05
338,1899-03-31,23.28
339,1899-04-30,23.15
340,1899-05-31,22.09
341,1899-06-30,21.21
342,1899-07-31,21.56
343,1899-08-31,21.73
344,1899-09-30,20.59
345,1899-10-31,20.15
346,1899-11-30,20.2
347,1899-12-31,18.51
348,1900-01-31,18.67
349,1900-02-28,18.7
350,1900-03-31,18.78
351,1900-04-30,18.94
352,1900-05-31,18.4
353,1900-06-30,17.99
354,1900-07-31,17.69
355,1900-08-31,18.07
356,1900-09-30,17.34
357,1900-10-31,18.1
358,1900-11-30,19.42
359,1900-12-31,20.74
360,1901-01-31,20.98
361,1901-02-28,21.68
362,1901-03-31,22.35
363,1901-04-30,24.41
364,1901-05-31,23.06
365,1901-06-30,25.24
366,1901-07-31,23.14
367,1901-08-31,23.08
368,1901-09-30,22.59
369,1901-10-31,22.25
370,1901-11-30,22.38
371,1901-12-31,21.68
372,1902-01-31,22.34
373,1902-02-28,22.46
374,1902-03-31,22.41
375,1902-04-30,22.82
376,1902-05-31,22.43
377,1902-06-30,21.96
378,1902-07-31,22.39
379,1902-08-31,23.17
380,1902-09-30,22.86
381,1902-10-31,20.6
382,1902-11-30,20.41
383,1902-12-31,19.63
384,1903-01-31,20.32
385,1903-02-28,20.11
386,1903-03-31,19.88
387,1903-04-30,18.98
388,1903-05-31,18.95
389,1903-06-30,17.82
390,1903-07-31,16.92
391,1903-08-31,16.3
392,1903-09-30,15.65
393,1903-10-31,15.25
394,1903-11-30,15.41
395,1903-12-31,16.04
396,1904-01-31,15.86
397,1904-02-29,15.02
398,1904-03-31,15.08
399,1904-04-30,15.57
400,1904-05-31,15.53
401,1904-06-30,15.47
402,1904-07-31,16.04
403,1904-08-31,16.3
404,1904-09-30,16.74
405,1904-10-31,17.63
406,1904-11-30,18.08
407,1904-12-31,18.16
408,1905-01-31,18.46
409,1905-02-28,19.17
410,1905-03-31,19.83
411,1905-04-30,19.48
412,1905-05-31,18.63
413,1905-06-30,18.74
414,1905-07-31,19.21
415,1905-08-31,19.57
416,1905-09-30,19.74
417,1905-10-31,19.9
418,1905-11-30,19.44
419,1905-12-31,19.58
420,1906-01-31,20.13
421,1906-02-28,19.87
422,1906-03-31,19.26
423,1906-04-30,18.88
424,1906-05-31,18.05
425,1906-06-30,18.17
426,1906-07-31,18.2
427,1906-08-31,18.97
428,1906-09-30,19.2
429,1906-10-31,18.1
430,1906-11-30,18.14
431,1906-12-31,17.66
432,1907-01-31,17.22
433,1907-02-28,16.22
434,1907-03-31,14.69
435,1907-04-30,14.67
436,1907-05-31,13.79
437,1907-06-30,13.14
438,1907-07-31,13.59
439,1907-08-31,12.51
440,1907-09-30,12.33
441,1907-10-31,10.83
442,1907-11-30,10.59
443,1907-12-31,11.33
444,1908-01-31,11.9
445,1908-02-29,11.55
446,1908-03-31,11.98
447,1908-04-30,12.45
448,1908-05-31,13.08
449,1908-06-30,13.05
450,1908-07-31,13.35
451,1908-08-31,13.88
452,1908-09-30,13.7
453,1908-10-31,13.69
454,1908-11-30,14.44
455,1908-12-31,14.58
456,1909-01-31,14.76
457,1909-02-28,14.17
458,1909-03-31,14.34
459,1909-04-30,14.65
460,1909-05-31,14.95
461,1909-06-30,15.04
462,1909-07-31,15.23
463,1909-08-31,15.42
464,1909-09-30,15.25
465,1909-10-31,14.99
466,1909-11-30,14.75
467,1909-12-31,14.75
468,1910-01-31,14.55
469,1910-02-28,14.0
470,1910-03-31,14.05
471,1910-04-30,13.56
472,1910-05-31,13.57
473,1910-06-30,13.02
474,1910-07-31,12.34
475,1910-08-31,12.75
476,1910-09-30,12.94
477,1910-10-31,13.92
478,1910-11-30,14.16
479,1910-12-31,13.74
480,1911-01-31,14.05
481,1911-02-28,14.72
482,1911-03-31,14.37
483,1911-04-30,14.75
484,1911-05-31,15.05
485,1911-06-30,15.33
486,1911-07-31,15.08
487,1911-08-31,13.9
488,1911-09-30,13.0
489,1911-10-31,13.07
490,1911-11-30,13.73
491,1911-12-31,13.93
492,1912-01-31,13.79
493,1912-02-29,13.53
494,1912-03-31,13.64
495,1912-04-30,13.65
496,1912-05-31,13.65
497,1912-06-30,13.79
498,1912-07-31,13.8
499,1912-08-31,13.98
500,1912-09-30,13.93
501,1912-10-31,13.91
502,1912-11-30,13.75
503,1912-12-31,13.39
504,1913-01-31,13.15
505,1913-02-28,12.68
506,1913-03-31,12.44
507,1913-04-30,12.43
508,1913-05-31,12.22
509,1913-06-30,11.49
510,1913-07-31,11.53
511,1913-08-31,11.85
512,1913-09-30,11.84
513,1913-10-31,11.47
514,1913-11-30,11.07
515,1913-12-31,11.17
516,1914-01-31,11.64
517,1914-02-28,11.91
518,1914-03-31,11.69
519,1914-04-30,11.52
520,1914-05-31,11.48
521,1914-06-30,11.43
522,1914-07-31,10.69
523,1914-08-31,10.49
524,1914-09-30,10.5
525,1914-10-31,10.61
526,1914-11-30,10.52
527,1914-12-31,10.17
528,1915-01-31,10.36
529,1915-02-28,10.33
530,1915-03-31,10.71
531,1915-04-30,11.4
532,1915-05-31,11.03
533,1915-06-30,11.15
534,1915-07-31,11.11
535,1915-08-31,11.58
536,1915-09-30,12.01
537,1915-10-31,12.55
538,1915-11-30,12.86
539,1915-12-31,12.88
540,1916-01-31,12.54
541,1916-02-29,12.35
542,1916-03-31,12.18
543,1916-04-30,11.91
544,1916-05-31,12.03
545,1916-06-30,12.0
546,1916-07-31,11.79
547,1916-08-31,11.73
548,1916-09-30,11.94
549,1916-10-31,12.05
550,1916-11-30,12.05
551,1916-12-31,11.41
552,1917-01-31,10.99
553,1917-02-28,10.06
554,1917-03-31,10.33
555,1917-04-30,9.64
556,1917-05-31,9.14
557,1917-06-30,9.15
558,1917-07-31,9.0
559,1917-08-31,8.57
560,1917-09-30,7.95
561,1917-10-31,7.39
562,1917-11-30,6.75
563,1917-12-31,6.41
564,1918-01-31,6.64
565,1918-02-28,6.78
566,1918-03-31,6.69
567,1918-04-30,6.52
568,1918-05-31,6.58
569,1918-06-30,6.5
570,1918-07-31,6.37
571,1918-08-31,6.3
572,1918-09-30,6.15
573,1918-10-31,6.29
574,1918-11-30,6.33
575,1918-12-31,6.13
576,1919-01-31,6.1
577,1919-02-28,6.24
578,1919-03-31,6.36
579,1919-04-30,6.46
580,1919-05-31,6.83
581,1919-06-30,7.02
582,1919-07-31,7.05
583,1919-08-31,6.48
584,1919-09-30,6.56
585,1919-10-31,6.79
586,1919-11-30,6.47
587,1919-12-31,6.16
588,1920-01-31,5.99
589,1920-02-29,5.46
590,1920-03-31,5.8
591,1920-04-30,5.6
592,1920-05-31,5.19
593,1920-06-30,5.04
594,1920-07-31,5.08
595,1920-08-31,5.02
596,1920-09-30,5.3
597,1920-10-31,5.35
598,1920-11-30,5.13
599,1920-12-31,4.78
600,1921-01-31,5.12
601,1921-02-28,5.27
602,1921-03-31,5.19
603,1921-04-30,5.3
604,1921-05-31,5.61
605,1921-06-30,5.22
606,1921-07-31,5.2
607,1921-08-31,5.16
608,1921-09-30,5.38
609,1921-10-31,5.48
610,1921-11-30,5.84
611,1921-12-31,6.11
612,1922-01-31,6.29
613,1922-02-28,6.46
614,1922-03-31,6.82
615,1922-04-30,7.27
616,1922-05-31,7.59
617,1922-06-30,7.56
618,1922-07-31,7.6
619,1922-08-31,8.02
620,1922-09-30,8.27
621,1922-10-31,8.43
622,1922-11-30,8.0
623,1922-12-31,7.96
624,1923-01-31,8.15
625,1923-02-28,8.53
626,1923-03-31,8.7
627,1923-04-30,8.37
628,1923-05-31,8.0
629,1923-06-30,7.67
630,1923-07-31,7.35
631,1923-08-31,7.44
632,1923-09-30,7.46
633,1923-10-31,7.32
634,1923-11-30,7.55
635,1923-12-31,7.81
636,1924-01-31,8.07
637,1924-02-29,8.16
638,1924-03-31,8.06
639,1924-04-30,7.92
640,1924-05-31,7.9
641,1924-06-30,8.05
642,1924-07-31,8.38
643,1924-08-31,8.72
644,1924-09-30,8.58
645,1924-10-31,8.42
646,1924-11-30,8.89
647,1924-12-31,9.31
648,1925-01-31,9.69
649,1925-02-28,9.83
650,1925-03-31,9.52
651,1925-04-30,9.48
652,1925-05-31,9.73
653,1925-06-30,9.8
654,1925-07-31,9.96
655,1925-08-31,10.11
656,1925-09-30,10.36
657,1925-10-31,10.72
658,1925-11-30,10.89
659,1925-12-31,11.15
660,1926-01-31,11.34
661,1926-02-28,11.39
662,1926-03-31,10.71
663,1926-04-30,10.4
664,1926-05-31,10.58
665,1926-06-30,11.2
666,1926-07-31,11.87
667,1926-08-31,12.49
668,1926-09-30,12.69
669,1926-10-31,12.43
670,1926-11-30,12.62
671,1926-12-31,13.01
672,1927-01-31,13.19
673,1927-02-28,13.63
674,1927-03-31,14.03
675,1927-04-30,14.49
676,1927-05-31,15.0
677,1927-06-30,15.12
678,1927-07-31,15.82
679,1927-08-31,16.86
680,1927-09-30,17.82
681,1927-10-31,17.54
682,1927-11-30,18.13
683,1927-12-31,18.65
684,1928-01-31,18.81
685,1928-02-29,18.87
686,1928-03-31,19.94
687,1928-04-30,21.26
688,1928-05-31,21.83
689,1928-06-30,20.91
690,1928-07-31,21.08
691,1928-08-31,21.76
692,1928-09-30,23.0
693,1928-10-31,23.58
694,1928-11-30,25.12
695,1928-12-31,25.3
696,1929-01-31,27.08
697,1929-02-28,27.13
698,1929-03-31,27.68
699,1929-04-30,27.57
700,1929-05-31,27.7
701,1929-06-30,27.94
702,1929-07-31,29.93
703,1929-08-31,31.48
704,1929-09-30,32.56
705,1929-10-31,28.96
706,1929-11-30,21.17
707,1929-12-31,22.01
708,1930-01-31,22.31
709,1930-02-28,23.7
710,1930-03-31,24.59
711,1930-04-30,25.84
712,1930-05-31,24.31
713,1930-06-30,21.87
714,1930-07-31,21.55
715,1930-08-31,21.3
716,1930-09-30,21.07
717,1930-10-31,18.21
718,1930-11-30,16.94
719,1930-12-31,16.06
720,1931-01-31,16.71
721,1931-02-28,18.16
722,1931-03-31,18.58
723,1931-04-30,16.87
724,1931-05-31,15.4
725,1931-06-30,15.06
726,1931-07-31,15.52
727,1931-08-31,15.01
728,1931-09-30,12.82
729,1931-10-31,11.15
730,1931-11-30,11.42
731,1931-12-31,9.31
732,1932-01-31,9.31
733,1932-02-29,9.34
734,1932-03-31,9.41
735,1932-04-30,7.19
736,1932-05-31,6.39
737,1932-06-30,5.57
738,1932-07-31,5.84
739,1932-08-31,8.83
740,1932-09-30,9.76
741,1932-10-31,8.48
742,1932-11-30,8.46
743,1932-12-31,8.26
744,1933-01-31,8.73
745,1933-02-28,7.83
746,1933-03-31,7.87
747,1933-04-30,8.72
748,1933-05-31,11.25
749,1933-06-30,13.1
750,1933-07-31,13.75
751,1933-08-31,13.0
752,1933-09-30,12.92
753,1933-10-31,11.7
754,1933-11-30,12.01
755,1933-12-31,12.28
756,1934-01-31,13.03
757,1934-02-28,13.93
758,1934-03-31,13.25
759,1934-04-30,13.52
760,1934-05-31,12.18
761,1934-06-30,12.29
762,1934-07-31,11.74
763,1934-08-31,11.32
764,1934-09-30,10.91
765,1934-10-31,11.11
766,1934-11-30,11.45
767,1934-12-31,11.64
768,1935-01-31,11.5
769,1935-02-28,11.09
770,1935-03-31,10.4
771,1935-04-30,11.1
772,1935-05-31,11.99
773,1935-06-30,12.54
774,1935-07-31,13.2
775,1935-08-31,14.11
776,1935-09-30,14.42
777,1935-10-31,14.83
778,1935-11-30,16.13
779,1935-12-31,16.16
780,1936-01-31,17.09
781,1936-02-29,18.1
782,1936-03-31,18.66
783,1936-04-30,18.72
784,1936-05-31,17.75
785,1936-06-30,18.39
786,1936-07-31,19.36
787,1936-08-31,19.62
788,1936-09-30,19.86
789,1936-10-31,20.91
790,1936-11-30,21.5
791,1936-12-31,21.13
792,1937-01-31,21.62
793,1937-02-28,22.24
794,1937-03-31,22.04
795,1937-04-30,20.56
796,1937-05-31,19.47
797,1937-06-30,18.71
798,1937-07-31,19.65
799,1937-08-31,19.81
800,1937-09-30,16.85
801,1937-10-31,14.36
802,1937-11-30,13.16
803,1937-12-31,13.01
804,1938-01-31,13.51
805,1938-02-28,13.26
806,1938-03-31,12.38
807,1938-04-30,11.79
808,1938-05-31,11.99
809,1938-06-30,12.29
810,1938-07-31,14.77
811,1938-08-31,14.9
812,1938-09-30,14.28
813,1938-10-31,16.06
814,1938-11-30,16.15
815,1938-12-31,15.76
816,1939-01-31,15.6
817,1939-02-28,15.66
818,1939-03-31,15.73
819,1939-04-30,13.92
820,1939-05-31,14.5
821,1939-06-30,14.83
822,1939-07-31,15.27
823,1939-08-31,15.12
824,1939-09-30,16.45
825,1939-10-31,16.82
826,1939-11-30,16.6
827,1939-12-31,16.28
828,1940-01-31,16.38
829,1940-02-29,16.22
830,1940-03-31,16.17
831,1940-04-30,16.37
832,1940-05-31,14.14
833,1940-06-30,12.84
834,1940-07-31,13.37
835,1940-08-31,13.65
836,1940-09-30,14.21
837,1940-10-31,14.33
838,1940-11-30,14.64
839,1940-12-31,13.91
840,1941-01-31,13.9
841,1941-02-28,13.0
842,1941-03-31,12.96
843,1941-04-30,12.43
844,1941-05-31,12.04
845,1941-06-30,12.16
846,1941-07-31,12.74
847,1941-08-31,12.46
848,1941-09-30,12.28
849,1941-10-31,11.58
850,1941-11-30,10.91
851,1941-12-31,10.09
852,1942-01-31,10.1
853,1942-02-28,9.68
854,1942-03-31,9.0
855,1942-04-30,8.54
856,1942-05-31,8.51
857,1942-06-30,8.91
858,1942-07-31,9.15
859,1942-08-31,9.01
860,1942-09-30,9.08
861,1942-10-31,9.6
862,1942-11-30,9.66
863,1942-12-31,9.62
864,1943-01-31,10.15
865,1943-02-28,10.71
866,1943-03-31,10.85
867,1943-04-30,11.04
868,1943-05-31,11.36
869,1943-06-30,11.52
870,1943-07-31,11.77
871,1943-08-31,11.21
872,1943-09-30,11.34
873,1943-10-31,11.19
874,1943-11-30,10.63
875,1943-12-31,10.74
876,1944-01-31,11.05
877,1944-02-29,10.95
878,1944-03-31,11.22
879,1944-04-30,10.94
880,1944-05-31,11.1
881,1944-06-30,11.53
882,1944-07-31,11.74
883,1944-08-31,11.54
884,1944-09-30,11.33
885,1944-10-31,11.58
886,1944-11-30,11.48
887,1944-12-31,11.64
888,1945-01-31,11.96
889,1945-02-28,12.34
890,1945-03-31,12.32
891,1945-04-30,12.63
892,1945-05-31,13.04
893,1945-06-30,13.13
894,1945-07-31,12.87
895,1945-08-31,12.92
896,1945-09-30,13.8
897,1945-10-31,14.37
898,1945-11-30,14.85
899,1945-12-31,15.02
900,1946-01-31,15.62
901,1946-02-28,15.76
902,1946-03-31,15.13
903,1946-04-30,16.04
904,1946-05-31,16.01
905,1946-06-30,15.77
906,1946-07-31,14.51
907,1946-08-31,13.98
908,1946-09-30,11.84
909,1946-10-31,11.39
910,1946-11-30,11.11
911,1946-12-31,11.37
912,1947-01-31,11.47
913,1947-02-28,11.95
914,1947-03-31,11.29
915,1947-04-30,10.9
916,1947-05-31,10.73
917,1947-06-30,11.08
918,1947-07-31,11.7
919,1947-08-31,11.34
920,1947-09-30,10.83
921,1947-10-31,11.13
922,1947-11-30,10.98
923,1947-12-31,10.68
924,1948-01-31,10.42
925,1948-02-29,10.0
926,1948-03-31,10.19
927,1948-04-30,10.78
928,1948-05-31,11.24
929,1948-06-30,11.58
930,1948-07-31,11.13
931,1948-08-31,10.72
932,1948-09-30,10.55
933,1948-10-31,10.83
934,1948-11-30,10.25
935,1948-12-31,10.16
936,1949-01-31,10.25
937,1949-02-28,9.87
938,1949-03-31,9.9
939,1949-04-30,9.78
940,1949-05-31,9.69
941,1949-06-30,9.07
942,1949-07-31,9.61
943,1949-08-31,9.85
944,1949-09-30,9.88
945,1949-10-31,10.17
946,1949-11-30,10.22
947,1949-12-31,10.53
948,1950-01-31,10.75
949,1950-02-28,10.91
950,1950-03-31,10.91
951,1950-04-30,11.18
952,1950-05-31,11.46
953,1950-06-30,11.55
954,1950-07-31,10.54
955,1950-08-31,11.04
956,1950-09-30,11.34
957,1950-10-31,11.66
958,1950-11-30,11.54
959,1950-12-31,11.31
960,1951-01-31,11.9
961,1951-02-28,12.14
962,1951-03-31,11.84
963,1951-04-30,11.95
964,1951-05-31,11.86
965,1951-06-30,11.62
966,1951-07-31,11.78
967,1951-08-31,12.26
968,1951-09-30,12.44
969,1951-10-31,12.31
970,1951-11-30,11.85
971,1951-12-31,12.15
972,1952-01-31,12.53
973,1952-02-29,12.36
974,1952-03-31,12.36
975,1952-04-30,12.24
976,1952-05-31,12.2
977,1952-06-30,12.45
978,1952-07-31,12.67
979,1952-08-31,12.68
980,1952-09-30,12.43
981,1952-10-31,12.13
982,1952-11-30,12.47
983,1952-12-31,12.93
984,1953-01-31,13.01
985,1953-02-28,12.86
986,1953-03-31,12.83
987,1953-04-30,12.16
988,1953-05-31,12.14
989,1953-06-30,11.62
990,1953-07-31,11.75
991,1953-08-31,11.72
992,1953-09-30,11.14
993,1953-10-31,11.39
994,1953-11-30,11.64
995,1953-12-31,11.75
996,1954-01-31,12.0
997,1954-02-28,12.22
998,1954-03-31,12.42
999,1954-04-30,12.91
1000,1954-05-31,13.31
1001,1954-06-30,13.36
1002,1954-07-31,13.83
1003,1954-08-31,14.04
1004,1954-09-30,14.36
1005,1954-10-31,14.62
1006,1954-11-30,15.12
1007,1954-12-31,15.79
1008,1955-01-31,15.99
1009,1955-02-28,16.44
1010,1955-03-31,16.22
1011,1955-04-30,16.69
1012,1955-05-31,16.52
1013,1955-06-30,17.37
1014,1955-07-31,18.45
1015,1955-08-31,18.22
1016,1955-09-30,18.84
1017,1955-10-31,17.77
1018,1955-11-30,18.84
1019,1955-12-31,18.94
1020,1956-01-31,18.29
1021,1956-02-29,18.27
1022,1956-03-31,19.37
1023,1956-04-30,19.37
1024,1956-05-31,18.54
1025,1956-06-30,18.16
1026,1956-07-31,18.86
1027,1956-08-31,18.67
1028,1956-09-30,17.84
1029,1956-10-31,17.42
1030,1956-11-30,17.12
1031,1956-12-31,17.2
1032,1957-01-31,16.72
1033,1957-02-28,15.84
1034,1957-03-31,15.9
1035,1957-04-30,16.12
1036,1957-05-31,16.6
1037,1957-06-30,16.73
1038,1957-07-31,16.87
1039,1957-08-31,15.87
1040,1957-09-30,15.16
1041,1957-10-31,14.15
1042,1957-11-30,13.74
1043,1957-12-31,13.67
1044,1958-01-31,13.79
1045,1958-02-28,13.78
1046,1958-03-31,13.93
1047,1958-04-30,13.91
1048,1958-05-31,14.32
1049,1958-06-30,14.64
1050,1958-07-31,14.96
1051,1958-08-31,15.54
1052,1958-09-30,15.93
1053,1958-10-31,16.56
1054,1958-11-30,16.99
1055,1958-12-31,17.36
1056,1959-01-31,17.98
1057,1959-02-28,17.76
1058,1959-03-31,18.2
1059,1959-04-30,18.43
1060,1959-05-31,18.69
1061,1959-06-30,18.45
1062,1959-07-31,19.09
1063,1959-08-31,18.96
1064,1959-09-30,18.12
1065,1959-10-31,18.02
1066,1959-11-30,18.07
1067,1959-12-31,18.62
1068,1960-01-31,18.34
1069,1960-02-29,17.55
1070,1960-03-31,17.29
1071,1960-04-30,17.43
1072,1960-05-31,17.26
1073,1960-06-30,17.82
1074,1960-07-31,17.38
1075,1960-08-31,17.58
1076,1960-09-30,17.05
1077,1960-10-31,16.61
1078,1960-11-30,17.15
1079,1960-12-31,17.56
1080,1961-01-31,18.47
1081,1961-02-28,19.23
1082,1961-03-31,19.84
1083,1961-04-30,20.38
1084,1961-05-31,20.6
1085,1961-06-30,20.33
1086,1961-07-31,20.15
1087,1961-08-31,20.94
1088,1961-09-30,20.71
1089,1961-10-31,20.92
1090,1961-11-30,21.86
1091,1961-12-31,22.04
1092,1962-01-31,21.2
1093,1962-02-28,21.45
1094,1962-03-31,21.44
1095,1962-04-30,20.66
1096,1962-05-31,19.09
1097,1962-06-30,16.83
1098,1962-07-31,17.14
1099,1962-08-31,17.57
1100,1962-09-30,17.32
1101,1962-10-31,16.74
1102,1962-11-30,17.85
1103,1962-12-31,18.59
1104,1963-01-31,19.26
1105,1963-02-28,19.47
1106,1963-03-31,19.29
1107,1963-04-30,20.15
1108,1963-05-31,20.51
1109,1963-06-30,20.38
1110,1963-07-31,19.97
1111,1963-08-31,20.47
1112,1963-09-30,20.96
1113,1963-10-31,20.89
1114,1963-11-30,20.72
1115,1963-12-31,21.04
1116,1964-01-31,21.63
1117,1964-02-29,21.83
1118,1964-03-31,22.17
1119,1964-04-30,22.42
1120,1964-05-31,22.57
1121,1964-06-30,22.3
1122,1964-07-31,22.98
1123,1964-08-31,22.65
1124,1964-09-30,22.89
1125,1964-10-31,23.21
1126,1964-11-30,23.23
1127,1964-12-31,22.75
1128,1965-01-31,23.27
1129,1965-02-28,23.37
1130,1965-03-31,23.25
1131,1965-04-30,23.42
1132,1965-05-31,23.71
1133,1965-06-30,22.39
1134,1965-07-31,22.3
1135,1965-08-31,22.67
1136,1965-09-30,23.37
1137,1965-10-31,23.78
1138,1965-11-30,23.93
1139,1965-12-31,23.69
1140,1966-01-31,24.06
1141,1966-02-28,23.7
1142,1966-03-31,22.61
1143,1966-04-30,23.11
1144,1966-05-31,21.85
1145,1966-06-30,21.56
1146,1966-07-31,21.38
1147,1966-08-31,19.91
1148,1966-09-30,19.16
1149,1966-10-31,18.83
1150,1966-11-30,19.71
1151,1966-12-31,19.74
1152,1967-01-31,20.43
1153,1967-02-28,21.07
1154,1967-03-31,21.44
1155,1967-04-30,21.69
1156,1967-05-31,21.95
1157,1967-06-30,21.55
1158,1967-07-31,21.8
1159,1967-08-31,22.03
1160,1967-09-30,22.22
1161,1967-10-31,22.07
1162,1967-11-30,21.26
1163,1967-12-31,21.75
1164,1968-01-31,21.51
1165,1968-02-29,20.42
1166,1968-03-31,19.93
1167,1968-04-30,21.28
1168,1968-05-31,21.63
1169,1968-06-30,22.0
1170,1968-07-31,21.75
1171,1968-08-31,21.14
1172,1968-09-30,21.68
1173,1968-10-31,22.0
1174,1968-11-30,22.2
1175,1968-12-31,22.28
1176,1969-01-31,21.19
1177,1969-02-28,20.9
1178,1969-03-31,20.2
1179,1969-04-30,20.43
1180,1969-05-31,20.97
1181,1969-06-30,19.71
1182,1969-07-31,18.68
1183,1969-08-31,18.43
1184,1969-09-30,18.4
1185,1969-10-31,18.45
1186,1969-11-30,18.44
1187,1969-12-31,17.33
1188,1970-01-31,17.09
1189,1970-02-28,16.37
1190,1970-03-31,16.53
1191,1970-04-30,15.87
1192,1970-05-31,13.98
1193,1970-06-30,13.8
1194,1970-07-31,13.73
1195,1970-08-31,14.1
1196,1970-09-30,14.84
1197,1970-10-31,15.06
1198,1970-11-30,14.95
1199,1970-12-31,15.87
1200,1971-01-31,16.46
1201,1971-02-28,17.03
1202,1971-03-31,17.4
1203,1971-04-30,17.92
1204,1971-05-31,17.56
1205,1971-06-30,17.08
1206,1971-07-31,16.89
1207,1971-08-31,16.52
1208,1971-09-30,16.86
1209,1971-10-31,16.43
1210,1971-11-30,15.64
1211,1971-12-31,16.6
1212,1972-01-31,17.26
1213,1972-02-29,17.46
1214,1972-03-31,17.81
1215,1972-04-30,17.92
1216,1972-05-31,17.66
1217,1972-06-30,17.64
1218,1972-07-31,17.4
1219,1972-08-31,17.94
1220,1972-09-30,17.61
1221,1972-10-31,17.53
1222,1972-11-30,18.34
1223,1972-12-31,18.65
1224,1973-01-31,18.71
1225,1973-02-28,17.89
1226,1973-03-31,17.41
1227,1973-04-30,16.94
1228,1973-05-31,16.31
1229,1973-06-30,15.81
1230,1973-07-31,15.89
1231,1973-08-31,15.28
1232,1973-09-30,15.48
1233,1973-10-31,15.91
1234,1973-11-30,14.65
1235,1973-12-31,13.49
1236,1974-01-31,13.53
1237,1974-02-28,12.96
1238,1974-03-31,13.31
1239,1974-04-30,12.55
1240,1974-05-31,12.0
1241,1974-06-30,11.89
1242,1974-07-31,10.39
1243,1974-08-31,9.82
1244,1974-09-30,8.68
1245,1974-10-31,8.74
1246,1974-11-30,8.95
1247,1974-12-31,8.29
1248,1975-01-31,8.92
1249,1975-02-28,9.76
1250,1975-03-31,10.16
1251,1975-04-30,10.23
1252,1975-05-31,10.82
1253,1975-06-30,11.01
1254,1975-07-31,10.9
1255,1975-08-31,10.09
1256,1975-09-30,9.92
1257,1975-10-31,10.33
1258,1975-11-30,10.44
1259,1975-12-31,10.25
1260,1976-01-31,11.19
1261,1976-02-29,11.59
1262,1976-03-31,11.63
1263,1976-04-30,11.69
1264,1976-05-31,11.53
1265,1976-06-30,11.54
1266,1976-07-31,11.76
1267,1976-08-31,11.6
1268,1976-09-30,11.81
1269,1976-10-31,11.35
1270,1976-11-30,11.25
1271,1976-12-31,11.6
1272,1977-01-31,11.44
1273,1977-02-28,11.01
1274,1977-03-31,10.9
1275,1977-04-30,10.64
1276,1977-05-31,10.55
1277,1977-06-30,10.53
1278,1977-07-31,10.57
1279,1977-08-31,10.27
1280,1977-09-30,10.07
1281,1977-10-31,9.77
1282,1977-11-30,9.77
1283,1977-12-31,9.68
1284,1978-01-31,9.24
1285,1978-02-28,9.05
1286,1978-03-31,8.95
1287,1978-04-30,9.26
1288,1978-05-31,9.63
1289,1978-06-30,9.55
1290,1978-07-31,9.43
1291,1978-08-31,10.02
1292,1978-09-30,9.94
1293,1978-10-31,9.53
1294,1978-11-30,8.93
1295,1978-12-31,9.01
1296,1979-01-31,9.26
1297,1979-02-28,9.0
1298,1979-03-31,9.07
1299,1979-04-30,9.13
1300,1979-05-31,8.79
1301,1979-06-30,8.85
1302,1979-07-31,8.83
1303,1979-08-31,9.13
1304,1979-09-30,9.11
1305,1979-10-31,8.68
1306,1979-11-30,8.52
1307,1979-12-31,8.75
1308,1980-01-31,8.85
1309,1980-02-29,9.05
1310,1980-03-31,8.08
1311,1980-04-30,7.84
1312,1980-05-31,8.1
1313,1980-06-30,8.51
1314,1980-07-31,8.88
1315,1980-08-31,9.07
1316,1980-09-30,9.2
1317,1980-10-31,9.36
1318,1980-11-30,9.65
1319,1980-12-31,9.39
1320,1981-01-31,9.26
1321,1981-02-28,8.83
1322,1981-03-31,9.08
1323,1981-04-30,9.09
1324,1981-05-31,8.82
1325,1981-06-30,8.77
1326,1981-07-31,8.45
1327,1981-08-31,8.4
1328,1981-09-30,7.58
1329,1981-10-31,7.65
1330,1981-11-30,7.81
1331,1981-12-31,7.83
1332,1982-01-31,7.39
1333,1982-02-28,7.18
1334,1982-03-31,6.95
1335,1982-04-30,7.26
1336,1982-05-31,7.19
1337,1982-06-30,6.69
1338,1982-07-31,6.64
1339,1982-08-31,6.64
1340,1982-09-30,7.4
1341,1982-10-31,8.0
1342,1982-11-30,8.35
1343,1982-12-31,8.47
1344,1983-01-31,8.76
1345,1983-02-28,8.91
1346,1983-03-31,9.23
1347,1983-04-30,9.53
1348,1983-05-31,9.87
1349,1983-06-30,10.0
1350,1983-07-31,10.01
1351,1983-08-31,9.73
1352,1983-09-30,9.98
1353,1983-10-31,10.0
1354,1983-11-30,9.85
1355,1983-12-31,9.82
1356,1984-01-31,9.89
1357,1984-02-29,9.32
1358,1984-03-31,9.33
1359,1984-04-30,9.31
1360,1984-05-31,9.23
1361,1984-06-30,9.01
1362,1984-07-31,8.87
1363,1984-08-31,9.62
1364,1984-09-30,9.69
1365,1984-10-31,9.6
1366,1984-11-30,9.69
1367,1984-12-31,9.6
1368,1985-01-31,10.0
1369,1985-02-28,10.49
1370,1985-03-31,10.37
1371,1985-04-30,10.4
1372,1985-05-31,10.61
1373,1985-06-30,10.81
1374,1985-07-31,11.0
1375,1985-08-31,10.74
1376,1985-09-30,10.47
1377,1985-10-31,10.55
1378,1985-11-30,11.16
1379,1985-12-31,11.69
1380,1986-01-31,11.72
1381,1986-02-28,12.39
1382,1986-03-31,13.19
1383,1986-04-30,13.55
1384,1986-05-31,13.56
1385,1986-06-30,13.89
1386,1986-07-31,13.62
1387,1986-08-31,13.89
1388,1986-09-30,13.47
1389,1986-10-31,13.43
1390,1986-11-30,13.87
1391,1986-12-31,14.09
1392,1987-01-31,14.92
1393,1987-02-28,15.82
1394,1987-03-31,16.43
1395,1987-04-30,16.2
1396,1987-05-31,16.16
1397,1987-06-30,16.83
1398,1987-07-31,17.31
1399,1987-08-31,18.33
1400,1987-09-30,17.68
1401,1987-10-31,15.53
1402,1987-11-30,13.59
1403,1987-12-31,13.39
1404,1988-01-31,13.9
1405,1988-02-29,14.3
1406,1988-03-31,14.67
1407,1988-04-30,14.43
1408,1988-05-31,14.03
1409,1988-06-30,14.77
1410,1988-07-31,14.61
1411,1988-08-31,14.24
1412,1988-09-30,14.37
1413,1988-10-31,14.81
1414,1988-11-30,14.45
1415,1988-12-31,14.7
1416,1989-01-31,15.09
1417,1989-02-28,15.47
1418,1989-03-31,15.3
1419,1989-04-30,15.69
1420,1989-05-31,16.19
1421,1989-06-30,16.64
1422,1989-07-31,17.01
1423,1989-08-31,17.73
1424,1989-09-30,17.71
1425,1989-10-31,17.64
1426,1989-11-30,17.24
1427,1989-12-31,17.65
1428,1990-01-31,17.05
1429,1990-02-28,16.51
1430,1990-03-31,16.83
1431,1990-04-30,16.81
1432,1990-05-31,17.39
1433,1990-06-30,17.82
1434,1990-07-31,17.75
1435,1990-08-31,16.17
1436,1990-09-30,15.3
1437,1990-10-31,14.82
1438,1990-11-30,15.19
1439,1990-12-31,15.85
1440,1991-01-31,15.61
1441,1991-02-28,17.35
1442,1991-03-31,17.82
1443,1991-04-30,18.16
1444,1991-05-31,18.04
1445,1991-06-30,18.02
1446,1991-07-31,18.1
1447,1991-08-31,18.51
1448,1991-09-30,18.36
1449,1991-10-31,18.35
1450,1991-11-30,18.29
1451,1991-12-31,18.44
1452,1992-01-31,19.77
1453,1992-02-29,19.58
1454,1992-03-31,19.28
1455,1992-04-30,19.3
1456,1992-05-31,19.66
1457,1992-06-30,19.32
1458,1992-07-31,19.62
1459,1992-08-31,19.72
1460,1992-09-30,19.71
1461,1992-10-31,19.37
1462,1992-11-30,19.83
1463,1992-12-31,20.45
1464,1993-01-31,20.32
1465,1993-02-28,20.55
1466,1993-03-31,20.86
1467,1993-04-30,20.46
1468,1993-05-31,20.52
1469,1993-06-30,20.61
1470,1993-07-31,20.56
1471,1993-08-31,20.81
1472,1993-09-30,20.99
1473,1993-10-31,21.11
1474,1993-11-30,21.04
1475,1993-12-31,21.16
1476,1994-01-31,21.41
1477,1994-02-28,21.26
1478,1994-03-31,20.83
1479,1994-04-30,20.06
1480,1994-05-31,20.2
1481,1994-06-30,20.29
1482,1994-07-31,20.07
1483,1994-08-31,20.54
1484,1994-09-30,20.58
1485,1994-10-31,20.4
1486,1994-11-30,20.21
1487,1994-12-31,19.91
1488,1995-01-31,20.22
1489,1995-02-28,20.8
1490,1995-03-31,21.15
1491,1995-04-30,21.64
1492,1995-05-31,22.2
1493,1995-06-30,22.72
1494,1995-07-31,23.38
1495,1995-08-31,23.28
1496,1995-09-30,23.95
1497,1995-10-31,23.93
1498,1995-11-30,24.35
1499,1995-12-31,25.03
1500,1996-01-31,24.76
1501,1996-02-29,25.98
1502,1996-03-31,25.63
1503,1996-04-30,25.42
1504,1996-05-31,25.81
1505,1996-06-30,25.97
1506,1996-07-31,24.86
1507,1996-08-31,25.41
1508,1996-09-30,25.68
1509,1996-10-31,26.48
1510,1996-11-30,27.59
1511,1996-12-31,27.72
1512,1997-01-31,28.33
1513,1997-02-28,29.27
1514,1997-03-31,28.8
1515,1997-04-30,27.59
1516,1997-05-31,29.93
1517,1997-06-30,31.26
1518,1997-07-31,32.77
1519,1997-08-31,32.59
1520,1997-09-30,32.67
1521,1997-10-31,32.9
1522,1997-11-30,32.34
1523,1997-12-31,33.03
1524,1998-01-31,32.86
1525,1998-02-28,34.71
1526,1998-03-31,36.3
1527,1998-04-30,37.28
1528,1998-05-31,36.96
1529,1998-06-30,36.8
1530,1998-07-31,38.26
1531,1998-08-31,35.42
1532,1998-09-30,33.53
1533,1998-10-31,33.77
1534,1998-11-30,37.37
1535,1998-12-31,38.82
1536,1999-01-31,40.58
1537,1999-02-28,40.4
1538,1999-03-31,41.36
1539,1999-04-30,42.7
1540,1999-05-31,42.56
1541,1999-06-30,42.18
1542,1999-07-31,43.83
1543,1999-08-31,41.93
1544,1999-09-30,41.32
1545,1999-10-31,40.55
1546,1999-11-30,43.21
1547,1999-12-31,44.2
1548,2000-01-31,43.77
1549,2000-02-29,42.19
1550,2000-03-31,43.22
1551,2000-04-30,43.53
1552,2000-05-31,41.97
1553,2000-06-30,42.78
1554,2000-07-31,42.76
1555,2000-08-31,42.87
1556,2000-09-30,41.9
1557,2000-10-31,39.37
1558,2000-11-30,38.78
1559,2000-12-31,37.27
1560,2001-01-31,36.98
1561,2001-02-28,35.83
1562,2001-03-31,32.33
1563,2001-04-30,32.17
1564,2001-05-31,34.07
1565,2001-06-30,33.07
1566,2001-07-31,32.16
1567,2001-08-31,31.4
1568,2001-09-30,27.67
1569,2001-10-31,28.58
1570,2001-11-30,30.01
1571,2001-12-31,30.5
1572,2002-01-31,30.28
1573,2002-02-28,29.09
1574,2002-03-31,30.29
1575,2002-04-30,29.01
1576,2002-05-31,28.13
1577,2002-06-30,26.39
1578,2002-07-31,23.46
1579,2002-08-31,23.59
1580,2002-09-30,22.37
1581,2002-10-31,21.96
1582,2002-11-30,23.35
1583,2002-12-31,23.1
1584,2003-01-31,22.9
1585,2003-02-28,21.21
1586,2003-03-31,21.31
1587,2003-04-30,22.43
1588,2003-05-31,23.59
1589,2003-06-30,24.83
1590,2003-07-31,24.87
1591,2003-08-31,24.64
1592,2003-09-30,25.24
1593,2003-10-31,25.68
1594,2003-11-30,25.95
1595,2003-12-31,26.64
1596,2004-01-31,27.66
1597,2004-02-29,27.65
1598,2004-03-31,26.89
1599,2004-04-30,26.9
1600,2004-05-31,25.9
1601,2004-06-30,26.4
1602,2004-07-31,25.7
1603,2004-08-31,25.17
1604,2004-09-30,25.67
1605,2004-10-31,25.41
1606,2004-11-30,26.47
1607,2004-12-31,27.14
1608,2005-01-31,26.59
1609,2005-02-28,26.74
1610,2005-03-31,26.34
1611,2005-04-30,25.41
1612,2005-05-31,25.65
1613,2005-06-30,26.07
1614,2005-07-31,26.29
1615,2005-08-31,26.1
1616,2005-09-30,25.73
1617,2005-10-31,24.88
1618,2005-11-30,25.93
1619,2005-12-31,26.44
1620,2006-01-31,26.47
1621,2006-02-28,26.25
1622,2006-03-31,26.33
1623,2006-04-30,26.15
1624,2006-05-31,25.65
1625,2006-06-30,24.75
1626,2006-07-31,24.7
1627,2006-08-31,25.05
1628,2006-09-30,25.64
1629,2006-10-31,26.54
1630,2006-11-30,26.93
1631,2006-12-31,27.28
1632,2007-01-31,27.21
1633,2007-02-28,27.32
1634,2007-03-31,26.23
1635,2007-04-30,26.98
1636,2007-05-31,27.55
1637,2007-06-30,27.42
1638,2007-07-31,27.41
1639,2007-08-31,26.15
1640,2007-09-30,26.73
1641,2007-10-31,27.32
1642,2007-11-30,25.73
1643,2007-12-31,25.96
1644,2008-01-31,24.02
1645,2008-02-29,23.5
1646,2008-03-31,22.61
1647,2008-04-30,23.36
1648,2008-05-31,23.7
1649,2008-06-30,22.42
1650,2008-07-31,20.91
1651,2008-08-31,21.4
1652,2008-09-30,20.36
1653,2008-10-31,16.39
1654,2008-11-30,15.26
1655,2008-12-31,15.38
1656,2009-01-31,15.17
1657,2009-02-28,14.12
1658,2009-03-31,13.32
1659,2009-04-30,14.98
1660,2009-05-31,16.0
1661,2009-06-30,16.38
1662,2009-07-31,16.69
1663,2009-08-31,18.09
1664,2009-09-30,18.83
1665,2009-10-31,19.36
1666,2009-11-30,19.81
1667,2009-12-31,20.32
1668,2010-01-31,20.53
1669,2010-02-28,19.92
1670,2010-03-31,21.0
1671,2010-04-30,21.8
1672,2010-05-31,20.48
1673,2010-06-30,19.74
1674,2010-07-31,19.67
1675,2010-08-31,19.77
1676,2010-09-30,20.38
1677,2010-10-31,21.24
1678,2010-11-30,21.7
1679,2010-12-31,22.4
1680,2011-01-31,22.98
1681,2011-02-28,23.49
1682,2011-03-31,22.9
1683,2011-04-30,23.14
1684,2011-05-31,23.06
1685,2011-06-30,22.1
1686,2011-07-31,22.61
1687,2011-08-31,20.05
1688,2011-09-30,19.7
1689,2011-10-31,20.16
1690,2011-11-30,20.35
1691,2011-12-31,20.52
1692,2012-01-31,21.21
1693,2012-02-29,21.8
1694,2012-03-31,22.05
1695,2012-04-30,21.78
1696,2012-05-31,20.94
1697,2012-06-30,20.55
1698,2012-07-31,21.0
1699,2012-08-31,21.41
1700,2012-09-30,21.78
1701,2012-10-31,21.58
1702,2012-11-30,20.9
1703,2012-12-31,21.24
1704,2013-01-31,21.9
1705,2013-02-28,22.05
1706,2013-03-31,22.42
1707,2013-04-30,22.6
1708,2013-05-31,23.41
1709,2013-06-30,22.93
1710,2013-07-31,23.49
1711,2013-08-31,23.36
1712,2013-09-30,23.44
1713,2013-10-31,23.83
1714,2013-11-30,24.64
1715,2013-12-31,24.86
1716,2014-01-31,24.86
1717,2014-02-28,24.59
1718,2014-03-31,24.96
1719,2014-04-30,24.79
1720,2014-05-31,24.94
1721,2014-06-30,25.56
1722,2014-07-31,25.82
1723,2014-08-31,25.62
1724,2014-09-30,25.92
1725,2014-10-31,25.16
1726,2014-11-30,26.61
1727,2014-12-31,26.79
1728,2015-01-31,26.49
1729,2015-02-28,27.0
1730,2015-03-31,26.73
1731,2015-04-30,26.79
1732,2015-05-31,26.81
1733,2015-06-30,26.5
1734,2015-07-31,26.38
1735,2015-08-31,25.69
1736,2015-09-30,24.5
1737,2015-10-31,25.49
1738,2015-11-30,26.23
1739,2015-12-31,25.97
1740,2016-01-31,24.21
1741,2016-02-29,24.0
1742,2016-03-31,25.37
1743,2016-04-30,25.92
1744,2016-05-31,25.69
1745,2016-06-30,25.84
1746,2016-07-31,26.69
1747,2016-08-31,26.95
1748,2016-09-30,26.73
1749,2016-10-31,26.53
1750,2016-11-30,26.85
1751,2016-12-31,27.87
1752,2017-01-31,28.06
1753,2017-02-28,28.66
1754,2017-03-31,29.09
1755,2017-04-30,28.9
1756,2017-05-31,29.31
1757,2017-06-30,29.75
1758,2017-07-31,30.0
1759,2017-08-31,29.91
1760,2017-09-30,30.17
1761,2017-10-31,30.92
1762,2017-11-30,31.3
1763,2017-12-31,32.09
1764,2018-01-31,33.31
1765,2018-02-28,32.04
1766,2018-03-31,31.81
1767,2018-04-30,30.97
1768,2018-05-31,31.24
1769,2018-06-30,31.63
1770,2018-07-31,31.89
1771,2018-08-31,32.39
1772,2018-09-30,32.62
1773,2018-10-31,31.04
1774,2018-11-30,30.2
1775,2018-12-31,28.29
1776,2019-01-31,28.38
1777,2019-02-28,29.54
1778,2019-03-31,29.58
1779,2019-04-30,30.13
1780,2019-05-31,29.24
1781,2019-06-30,29.28
1782,2019-07-31,29.99
1783,2019-08-31,28.71
1784,2019-09-30,29.23
1785,2019-10-31,28.84
1786,2019-11-30,29.84
1787,2019-12-31,30.33
1788,2020-01-31,30.99
1789,2020-02-29,30.73
1790,2020-03-31,24.82
1791,2020-04-30,25.93
1792,2020-05-31,27.33
1793,2020-06-30,28.84
1794,2020-07-31,29.6
1795,2020-08-31,31.16
1796,2020-09-30,30.84
1797,2020-10-31,31.28
1798,2020-11-30,32.47
1799,2020-12-31,33.77
1800,2021-01-31,34.51
1801,2021-02-28,35.1
1802,2021-03-31,35.04
1803,2021-04-30,36.72
1804,2021-05-31,36.55
1805,2021-06-30,36.7
1806,2021-07-31,37.44
1807,2021-08-31,37.97
1808,2021-09-30,37.62
1809,2021-10-31,37.25
1810,2021-11-30,38.58
1811,2021-12-31,38.3
1812,2022-01-31,36.94
1813,2022-02-28,35.29
1814,2022-03-31,34.27
1815,2022-04-30,33.89
1816,2022-05-31,30.67
1817,2022-06-30,29.05
1818,2022-07-31,29.0
1819,2022-08-31,30.7
1820,2022-09-30,28.23
1821,2022-10-31,27.08
1822,2022-11-30,28.38
1823,2022-12-31,28.32
1824,2023-01-31,28.33
1825,2023-02-28,28.92
1826,2023-03-31,27.94
1827,2023-04-30,28.76
1828,2023-05-31,28.76
1829,2023-06-30,29.94
1830,2023-07-31,30.89
1831,2023-08-31,30.3
1832,2023-09-30,29.8
1833,2023-10-31,28.77
1834,2023-11-30,30.01
1835,2023-12-31,31.45
1836,2024-01-31,32.05
1837,2024-02-29,33.04
1838,2024-03-31,33.75
1839,2024-04-30,33.14
1840,2024-05-31,33.77
1841,2024-06-30,34.81
1842,2024-07-31,35.44
1843,2024-08-31,34.92
1844,2024-09-30,35.66
1845,2024-10-31,36.59
1846,2024-11-30,37.35
1847,2024-12-31,37.71
1848,2025-01-31,37.13
1849,2025-02-28,37.19
1850,2025-03-31,34.78
1851,2025-04-30,32.62
1852,2025-05-31,35.08
1853,2025-06-30,36.11
1854,2025-07-31,37.47
1855,2025-08-31,37.96
1856,2025-09-30,38.85
1857,2025-10-31,39.51
